# Blender 4.0.2
# www.blender.org
mtllib filter.mtl
o Shape_IndexedFaceSet
v 0.090000 0.000000 -0.050000
v 0.089604 -0.008428 -0.050000
v 0.088422 -0.016781 -0.050000
v 0.086462 -0.024988 -0.050000
v 0.083742 -0.032974 -0.050000
v 0.080286 -0.040671 -0.050000
v 0.076125 -0.048010 -0.050000
v 0.071295 -0.054928 -0.050000
v 0.065838 -0.061363 -0.050000
v 0.059802 -0.067258 -0.050000
v 0.053241 -0.072563 -0.050000
v 0.046213 -0.077229 -0.050000
v 0.038778 -0.081217 -0.050000
v 0.031002 -0.084492 -0.050000
v 0.022954 -0.087024 -0.050000
v 0.014704 -0.088791 -0.050000
v 0.006325 -0.089777 -0.050000
v -0.002110 -0.089975 -0.050000
v -0.010526 -0.089382 -0.050000
v -0.018850 -0.088004 -0.050000
v -0.027008 -0.085852 -0.050000
v -0.034928 -0.082946 -0.050000
v -0.042542 -0.079311 -0.050000
v -0.049782 -0.074978 -0.050000
v -0.056584 -0.069987 -0.050000
v -0.062889 -0.064381 -0.050000
v -0.068642 -0.058209 -0.050000
v -0.073791 -0.051526 -0.050000
v -0.078292 -0.044389 -0.050000
v -0.082104 -0.036863 -0.050000
v -0.085195 -0.029013 -0.050000
v -0.087538 -0.020907 -0.050000
v -0.089111 -0.012618 -0.050000
v -0.089901 -0.004218 -0.050000
v -0.089901 0.004219 -0.050000
v -0.089111 0.012618 -0.050000
v -0.087538 0.020908 -0.050000
v -0.085195 0.029013 -0.050000
v -0.082104 0.036863 -0.050000
v -0.078292 0.044390 -0.050000
v -0.073791 0.051526 -0.050000
v -0.068642 0.058209 -0.050000
v -0.062889 0.064381 -0.050000
v -0.056584 0.069987 -0.050000
v -0.049782 0.074979 -0.050000
v -0.042542 0.079311 -0.050000
v -0.034928 0.082946 -0.050000
v -0.027008 0.085852 -0.050000
v -0.018850 0.088004 -0.050000
v -0.010526 0.089382 -0.050000
v -0.002110 0.089975 -0.050000
v 0.006325 0.089778 -0.050000
v 0.014704 0.088791 -0.050000
v 0.022954 0.087024 -0.050000
v 0.031002 0.084492 -0.050000
v 0.038778 0.081218 -0.050000
v 0.046213 0.077230 -0.050000
v 0.053241 0.072563 -0.050000
v 0.059802 0.067258 -0.050000
v 0.065838 0.061363 -0.050000
v 0.071295 0.054928 -0.050000
v 0.076125 0.048010 -0.050000
v 0.080286 0.040671 -0.050000
v 0.083742 0.032974 -0.050000
v 0.086462 0.024988 -0.050000
v 0.088422 0.016781 -0.050000
v 0.089604 0.008428 -0.050000
v -0.000000 0.070000 -0.050000
v -0.007441 0.069603 -0.050000
v -0.014797 0.068418 -0.050000
v -0.021985 0.066458 -0.050000
v -0.028925 0.063744 -0.050000
v -0.035537 0.060309 -0.050000
v -0.041746 0.056190 -0.050000
v -0.047482 0.051434 -0.050000
v -0.052680 0.046096 -0.050000
v -0.057281 0.040235 -0.050000
v -0.061233 0.033919 -0.050000
v -0.064492 0.027218 -0.050000
v -0.067020 0.020208 -0.050000
v -0.068788 0.012970 -0.050000
v -0.069777 0.005585 -0.050000
v -0.069975 -0.001863 -0.050000
v -0.069381 -0.009291 -0.050000
v -0.068000 -0.016613 -0.050000
v -0.065849 -0.023747 -0.050000
v -0.062952 -0.030611 -0.050000
v -0.059341 -0.037129 -0.050000
v -0.055059 -0.043227 -0.050000
v -0.050152 -0.048834 -0.050000
v -0.044677 -0.053888 -0.050000
v -0.038696 -0.058332 -0.050000
v -0.032277 -0.062115 -0.050000
v -0.025491 -0.065193 -0.050000
v -0.018417 -0.067534 -0.050000
v -0.011134 -0.069109 -0.050000
v -0.003726 -0.069901 -0.050000
v 0.003726 -0.069901 -0.050000
v 0.011134 -0.069109 -0.050000
v 0.018417 -0.067534 -0.050000
v 0.025491 -0.065193 -0.050000
v 0.032277 -0.062115 -0.050000
v 0.038696 -0.058332 -0.050000
v 0.044677 -0.053888 -0.050000
v 0.050152 -0.048834 -0.050000
v 0.055059 -0.043227 -0.050000
v 0.059341 -0.037129 -0.050000
v 0.062952 -0.030611 -0.050000
v 0.065849 -0.023747 -0.050000
v 0.068000 -0.016613 -0.050000
v 0.069381 -0.009291 -0.050000
v 0.069975 -0.001863 -0.050000
v 0.069777 0.005585 -0.050000
v 0.068788 0.012970 -0.050000
v 0.067019 0.020208 -0.050000
v 0.064492 0.027218 -0.050000
v 0.061233 0.033919 -0.050000
v 0.057281 0.040235 -0.050000
v 0.052680 0.046096 -0.050000
v 0.047482 0.051434 -0.050000
v 0.041746 0.056190 -0.050000
v 0.035537 0.060309 -0.050000
v 0.028925 0.063744 -0.050000
v 0.021985 0.066458 -0.050000
v 0.014797 0.068418 -0.050000
v 0.007441 0.069603 -0.050000
v -0.000000 0.070000 -0.050000
v 0.007441 0.069603 -0.050000
v 0.014797 0.068418 -0.050000
v 0.021985 0.066458 -0.050000
v 0.028925 0.063744 -0.050000
v 0.035537 0.060309 -0.050000
v 0.041746 0.056190 -0.050000
v 0.047482 0.051434 -0.050000
v 0.052680 0.046096 -0.050000
v 0.057281 0.040235 -0.050000
v 0.061233 0.033919 -0.050000
v 0.064492 0.027218 -0.050000
v 0.067019 0.020208 -0.050000
v 0.068788 0.012970 -0.050000
v 0.069777 0.005585 -0.050000
v 0.069975 -0.001863 -0.050000
v 0.069381 -0.009291 -0.050000
v 0.068000 -0.016613 -0.050000
v 0.065849 -0.023747 -0.050000
v 0.062952 -0.030611 -0.050000
v 0.059341 -0.037129 -0.050000
v 0.055059 -0.043227 -0.050000
v 0.050152 -0.048834 -0.050000
v 0.044677 -0.053888 -0.050000
v 0.038696 -0.058332 -0.050000
v 0.032277 -0.062115 -0.050000
v 0.025491 -0.065193 -0.050000
v 0.018417 -0.067534 -0.050000
v 0.011134 -0.069109 -0.050000
v 0.003726 -0.069901 -0.050000
v -0.003726 -0.069901 -0.050000
v -0.011134 -0.069109 -0.050000
v -0.018417 -0.067534 -0.050000
v -0.025491 -0.065193 -0.050000
v -0.032277 -0.062115 -0.050000
v -0.038696 -0.058332 -0.050000
v -0.044677 -0.053888 -0.050000
v -0.050152 -0.048834 -0.050000
v -0.055059 -0.043227 -0.050000
v -0.059341 -0.037129 -0.050000
v -0.062952 -0.030611 -0.050000
v -0.065849 -0.023747 -0.050000
v -0.068000 -0.016613 -0.050000
v -0.069381 -0.009291 -0.050000
v -0.069975 -0.001863 -0.050000
v -0.069777 0.005585 -0.050000
v -0.068788 0.012970 -0.050000
v -0.067020 0.020208 -0.050000
v -0.064492 0.027218 -0.050000
v -0.061233 0.033919 -0.050000
v -0.057281 0.040235 -0.050000
v -0.052680 0.046096 -0.050000
v -0.047482 0.051434 -0.050000
v -0.041746 0.056190 -0.050000
v -0.035537 0.060309 -0.050000
v -0.028925 0.063744 -0.050000
v -0.021985 0.066458 -0.050000
v -0.014797 0.068418 -0.050000
v -0.007441 0.069603 -0.050000
v -0.000000 0.070000 -0.050000
v -0.000000 0.070000 -0.080000
v 0.007441 0.069603 -0.080000
v 0.014797 0.068418 -0.080000
v 0.021985 0.066458 -0.080000
v 0.028925 0.063744 -0.080000
v 0.035537 0.060309 -0.080000
v 0.041746 0.056190 -0.080000
v 0.047482 0.051434 -0.080000
v 0.052680 0.046096 -0.080000
v 0.057281 0.040235 -0.080000
v 0.061233 0.033919 -0.080000
v 0.064492 0.027218 -0.080000
v 0.067019 0.020208 -0.080000
v 0.068788 0.012970 -0.080000
v 0.069777 0.005585 -0.080000
v 0.069975 -0.001863 -0.080000
v 0.069381 -0.009291 -0.080000
v 0.068000 -0.016613 -0.080000
v 0.065849 -0.023747 -0.080000
v 0.062952 -0.030611 -0.080000
v 0.059341 -0.037129 -0.080000
v 0.055059 -0.043227 -0.080000
v 0.050152 -0.048834 -0.080000
v 0.044677 -0.053888 -0.080000
v 0.038696 -0.058332 -0.080000
v 0.032276 -0.062115 -0.080000
v 0.025491 -0.065193 -0.080000
v 0.018417 -0.067534 -0.080000
v 0.011134 -0.069109 -0.080000
v 0.003726 -0.069901 -0.080000
v -0.003726 -0.069901 -0.080000
v -0.011134 -0.069109 -0.080000
v -0.018417 -0.067534 -0.080000
v -0.025491 -0.065193 -0.080000
v -0.032277 -0.062115 -0.080000
v -0.038696 -0.058332 -0.080000
v -0.044677 -0.053888 -0.080000
v -0.050152 -0.048834 -0.080000
v -0.055059 -0.043227 -0.080000
v -0.059341 -0.037129 -0.080000
v -0.062952 -0.030611 -0.080000
v -0.065849 -0.023747 -0.080000
v -0.068000 -0.016613 -0.080000
v -0.069381 -0.009291 -0.080000
v -0.069975 -0.001863 -0.080000
v -0.069777 0.005585 -0.080000
v -0.068788 0.012970 -0.080000
v -0.067020 0.020208 -0.080000
v -0.064492 0.027218 -0.080000
v -0.061233 0.033919 -0.080000
v -0.057281 0.040235 -0.080000
v -0.052680 0.046096 -0.080000
v -0.047482 0.051434 -0.080000
v -0.041746 0.056190 -0.080000
v -0.035537 0.060309 -0.080000
v -0.028925 0.063744 -0.080000
v -0.021985 0.066458 -0.080000
v -0.014797 0.068418 -0.080000
v -0.007441 0.069603 -0.080000
v -0.000000 0.070000 -0.080000
v -0.054684 -0.071482 -0.000000
v -0.058123 -0.068715 -0.002162
v -0.060234 -0.066872 -0.003232
v -0.062414 -0.064842 -0.004159
v -0.064879 -0.062376 -0.005005
v -0.067488 -0.059543 -0.005684
v -0.069942 -0.056640 -0.006133
v -0.072529 -0.053287 -0.006413
v -0.074920 -0.049870 -0.006500
v -0.075000 -0.049749 -0.006500
v -0.078307 -0.044363 -0.006343
v -0.080856 -0.039527 -0.006007
v -0.083188 -0.034347 -0.005529
v -0.084451 -0.031113 -0.005200
v -0.086440 -0.025062 -0.004578
v -0.087483 -0.021135 -0.004198
v -0.088294 -0.017443 -0.003877
v -0.088809 -0.014592 -0.003661
v -0.089181 -0.012114 -0.003498
v -0.089561 -0.008875 -0.003327
v -0.089800 -0.005991 -0.003217
v -0.089921 -0.003763 -0.003160
v -0.090000 -0.000047 -0.003123
v -0.089985 0.001644 -0.003130
v -0.089890 0.004454 -0.003175
v -0.089718 0.007116 -0.003255
v -0.089440 0.010025 -0.003382
v -0.089134 0.012456 -0.003519
v -0.088708 0.015196 -0.003704
v -0.088100 0.018397 -0.003956
v -0.087430 0.021352 -0.004218
v -0.086512 0.024813 -0.004553
v -0.085344 0.028572 -0.004936
v -0.083915 0.032532 -0.005346
v -0.082385 0.036231 -0.005712
v -0.080641 0.039962 -0.006042
v -0.077941 0.045001 -0.006376
v -0.075000 0.049749 -0.006500
v -0.072164 0.053781 -0.006385
v -0.069486 0.057198 -0.006063
v -0.066710 0.060414 -0.005504
v -0.063893 0.063386 -0.004691
v -0.061624 0.065594 -0.003843
v -0.059317 0.067687 -0.002789
v -0.056965 0.069678 -0.001496
v -0.054684 0.071482 0.000000
v -0.047835 0.076235 0.000000
v -0.040576 0.080334 0.000000
v -0.032969 0.083744 0.000000
v -0.025079 0.086435 0.000000
v -0.016974 0.088385 0.000000
v -0.008723 0.089576 0.000000
v -0.000397 0.089999 0.000000
v 0.007932 0.089650 0.000000
v 0.016193 0.088531 0.000000
v 0.024315 0.086653 0.000000
v 0.032228 0.084032 0.000000
v 0.039865 0.080689 0.000000
v 0.047160 0.076655 0.000000
v 0.054050 0.071962 0.000000
v 0.060477 0.066652 -0.000000
v 0.066385 0.060771 -0.000000
v 0.071723 0.054368 -0.000000
v 0.076446 0.047498 -0.000000
v 0.080513 0.040221 -0.000000
v 0.083889 0.032599 -0.000000
v 0.086545 0.024697 -0.000000
v 0.088459 0.016583 -0.000000
v 0.089614 0.008327 -0.000000
v 0.090000 0.000000 -0.000000
v 0.090000 0.000000 -0.050000
v 0.089604 0.008428 -0.050000
v 0.088422 0.016781 -0.050000
v 0.086462 0.024988 -0.050000
v 0.083742 0.032974 -0.050000
v 0.080286 0.040671 -0.050000
v 0.076125 0.048010 -0.050000
v 0.071295 0.054928 -0.050000
v 0.065838 0.061363 -0.050000
v 0.059802 0.067258 -0.050000
v 0.053241 0.072563 -0.050000
v 0.046213 0.077230 -0.050000
v 0.038778 0.081218 -0.050000
v 0.031002 0.084492 -0.050000
v 0.022954 0.087024 -0.050000
v 0.014704 0.088791 -0.050000
v 0.006325 0.089778 -0.050000
v -0.002110 0.089975 -0.050000
v -0.010526 0.089382 -0.050000
v -0.018850 0.088004 -0.050000
v -0.027008 0.085852 -0.050000
v -0.034928 0.082946 -0.050000
v -0.042542 0.079311 -0.050000
v -0.049782 0.074979 -0.050000
v -0.056584 0.069987 -0.050000
v -0.062889 0.064381 -0.050000
v -0.068642 0.058209 -0.050000
v -0.073791 0.051526 -0.050000
v -0.078292 0.044390 -0.050000
v -0.082104 0.036863 -0.050000
v -0.085195 0.029013 -0.050000
v -0.087538 0.020908 -0.050000
v -0.089111 0.012618 -0.050000
v -0.089901 0.004219 -0.050000
v -0.089901 -0.004218 -0.050000
v -0.089111 -0.012618 -0.050000
v -0.087538 -0.020907 -0.050000
v -0.085195 -0.029013 -0.050000
v -0.082104 -0.036863 -0.050000
v -0.078292 -0.044389 -0.050000
v -0.073791 -0.051526 -0.050000
v -0.068642 -0.058209 -0.050000
v -0.062889 -0.064381 -0.050000
v -0.056584 -0.069987 -0.050000
v -0.049782 -0.074978 -0.050000
v -0.042542 -0.079311 -0.050000
v -0.034928 -0.082946 -0.050000
v -0.027008 -0.085852 -0.050000
v -0.018850 -0.088004 -0.050000
v -0.010526 -0.089382 -0.050000
v -0.002110 -0.089975 -0.050000
v 0.006325 -0.089777 -0.050000
v 0.014704 -0.088791 -0.050000
v 0.022954 -0.087024 -0.050000
v 0.031002 -0.084492 -0.050000
v 0.038778 -0.081217 -0.050000
v 0.046213 -0.077229 -0.050000
v 0.053241 -0.072563 -0.050000
v 0.059802 -0.067258 -0.050000
v 0.065838 -0.061363 -0.050000
v 0.071295 -0.054928 -0.050000
v 0.076125 -0.048010 -0.050000
v 0.080286 -0.040671 -0.050000
v 0.083742 -0.032974 -0.050000
v 0.086462 -0.024988 -0.050000
v 0.088422 -0.016781 -0.050000
v 0.089604 -0.008428 -0.050000
v 0.090000 0.000000 -0.050000
v 0.090000 0.000000 -0.000000
v 0.089614 -0.008327 -0.000000
v 0.088459 -0.016583 -0.000000
v 0.086545 -0.024697 -0.000000
v 0.083889 -0.032599 -0.000000
v 0.080513 -0.040221 -0.000000
v 0.076446 -0.047498 -0.000000
v 0.071723 -0.054368 -0.000000
v 0.066385 -0.060771 -0.000000
v 0.060477 -0.066652 -0.000000
v 0.054050 -0.071962 -0.000000
v 0.047160 -0.076655 -0.000000
v 0.039865 -0.080689 -0.000000
v 0.032228 -0.084032 -0.000000
v 0.024315 -0.086653 -0.000000
v 0.016193 -0.088531 -0.000000
v 0.007932 -0.089650 -0.000000
v -0.000397 -0.089999 -0.000000
v -0.008723 -0.089576 -0.000000
v -0.016974 -0.088385 -0.000000
v -0.025079 -0.086435 -0.000000
v -0.032969 -0.083744 -0.000000
v -0.040576 -0.080334 -0.000000
v -0.047835 -0.076235 -0.000000
v -0.000000 0.070000 -0.080000
v 0.007441 0.069603 -0.080000
v 0.014797 0.068418 -0.080000
v 0.021985 0.066458 -0.080000
v 0.028925 0.063744 -0.080000
v 0.035537 0.060309 -0.080000
v 0.041746 0.056190 -0.080000
v 0.047482 0.051434 -0.080000
v 0.052680 0.046096 -0.080000
v 0.057281 0.040235 -0.080000
v 0.061233 0.033919 -0.080000
v 0.064492 0.027218 -0.080000
v 0.067019 0.020208 -0.080000
v 0.068788 0.012970 -0.080000
v 0.069777 0.005585 -0.080000
v 0.069975 -0.001863 -0.080000
v 0.069381 -0.009291 -0.080000
v 0.068000 -0.016613 -0.080000
v 0.065849 -0.023747 -0.080000
v 0.062952 -0.030611 -0.080000
v 0.059341 -0.037129 -0.080000
v 0.055059 -0.043227 -0.080000
v 0.050152 -0.048834 -0.080000
v 0.044677 -0.053888 -0.080000
v 0.038696 -0.058332 -0.080000
v 0.032276 -0.062115 -0.080000
v 0.025491 -0.065193 -0.080000
v 0.018417 -0.067534 -0.080000
v 0.011134 -0.069109 -0.080000
v 0.003726 -0.069901 -0.080000
v -0.003726 -0.069901 -0.080000
v -0.011134 -0.069109 -0.080000
v -0.018417 -0.067534 -0.080000
v -0.025491 -0.065193 -0.080000
v -0.032277 -0.062115 -0.080000
v -0.038696 -0.058332 -0.080000
v -0.044677 -0.053888 -0.080000
v -0.050152 -0.048834 -0.080000
v -0.055059 -0.043227 -0.080000
v -0.059341 -0.037129 -0.080000
v -0.062952 -0.030611 -0.080000
v -0.065849 -0.023747 -0.080000
v -0.068000 -0.016613 -0.080000
v -0.069381 -0.009291 -0.080000
v -0.069975 -0.001863 -0.080000
v -0.069777 0.005585 -0.080000
v -0.068788 0.012970 -0.080000
v -0.067020 0.020208 -0.080000
v -0.064492 0.027218 -0.080000
v -0.061233 0.033919 -0.080000
v -0.057281 0.040235 -0.080000
v -0.052680 0.046096 -0.080000
v -0.047482 0.051434 -0.080000
v -0.041746 0.056190 -0.080000
v -0.035537 0.060309 -0.080000
v -0.028925 0.063744 -0.080000
v -0.021985 0.066458 -0.080000
v -0.014797 0.068418 -0.080000
v -0.007441 0.069603 -0.080000
v -0.054684 -0.051329 0.000000
v -0.052411 -0.053648 0.001766
v -0.050230 -0.055695 0.003773
v -0.048189 -0.057470 0.006002
v -0.046621 -0.058749 0.008015
v -0.045203 -0.059847 0.010138
v -0.043886 -0.060820 0.012472
v -0.042669 -0.061679 0.015094
v -0.041625 -0.062389 0.017960
v -0.040897 -0.062869 0.020629
v -0.040564 -0.063084 0.022242
v -0.040284 -0.063263 0.024047
v -0.040171 -0.063335 0.025046
v -0.040077 -0.063395 0.026184
v -0.040000 -0.063443 0.028330
v -0.040008 -0.063438 0.029229
v -0.040077 -0.063394 0.030822
v -0.040210 -0.063310 0.032333
v -0.040335 -0.063230 0.033331
v -0.040604 -0.063058 0.034974
v -0.040875 -0.062883 0.036277
v -0.041345 -0.062575 0.038110
v -0.042176 -0.062018 0.040648
v -0.043185 -0.061319 0.043088
v -0.044681 -0.060238 0.045985
v -0.046242 -0.059048 0.048450
v -0.047718 -0.057862 0.050424
v -0.049228 -0.056583 0.052182
v -0.050558 -0.055398 0.053551
v -0.052190 -0.053863 0.055046
v -0.054273 -0.051763 0.056703
v -0.056149 -0.049722 0.057990
v -0.057997 -0.047553 0.059093
v -0.059805 -0.045259 0.060030
v -0.061857 -0.042411 0.060939
v -0.063927 -0.039222 0.061702
v -0.065942 -0.035730 0.062308
v -0.067100 -0.033505 0.062597
v -0.068117 -0.031385 0.062817
v -0.069212 -0.028891 0.063018
v -0.070390 -0.025889 0.063195
v -0.071147 -0.023730 0.063287
v -0.072154 -0.020464 0.063384
v -0.072979 -0.017293 0.063442
v -0.073600 -0.014425 0.063472
v -0.074134 -0.011367 0.063489
v -0.074637 -0.007373 0.063498
v -0.074918 -0.003512 0.063500
v -0.075000 -0.000188 0.063500
v -0.074993 0.000985 0.063500
v -0.074870 0.004412 0.063500
v -0.074635 0.007388 0.063498
v -0.074296 0.010252 0.063493
v -0.073654 0.014147 0.063474
v -0.072918 0.017548 0.063438
v -0.072131 0.020544 0.063382
v -0.071442 0.022828 0.063319
v -0.070303 0.026125 0.063183
v -0.069345 0.028570 0.063040
v -0.068233 0.031134 0.062840
v -0.066947 0.033810 0.062561
v -0.066380 0.034910 0.062422
v -0.065165 0.037129 0.062090
v -0.063265 0.040280 0.061474
v -0.060953 0.043701 0.060557
v -0.058530 0.046896 0.059383
v -0.056339 0.049507 0.058110
v -0.054408 0.051621 0.056802
v -0.052507 0.053554 0.055315
v -0.050628 0.055333 0.053620
v -0.048784 0.056966 0.051689
v -0.047400 0.058123 0.050023
v -0.046381 0.058939 0.048648
v -0.045030 0.059978 0.046577
v -0.043446 0.061134 0.043645
v -0.042196 0.062004 0.040703
v -0.041317 0.062593 0.038012
v -0.040748 0.062965 0.035696
v -0.040551 0.063092 0.034687
v -0.040297 0.063255 0.033050
v -0.040146 0.063351 0.031693
v -0.040073 0.063397 0.030755
v -0.040003 0.063441 0.028991
v -0.040006 0.063439 0.027826
v -0.040041 0.063417 0.026803
v -0.040192 0.063322 0.024841
v -0.040297 0.063254 0.023946
v -0.040463 0.063149 0.022828
v -0.040807 0.062927 0.021027
v -0.041050 0.062769 0.019993
v -0.041629 0.062386 0.017948
v -0.042547 0.061764 0.015392
v -0.043739 0.060926 0.012761
v -0.045180 0.059864 0.010176
v -0.046641 0.058733 0.007987
v -0.048018 0.057613 0.006207
v -0.049667 0.056198 0.004350
v -0.051323 0.054690 0.002724
v -0.053243 0.052822 0.001084
v -0.054684 0.051329 0.000000
v -0.054684 0.071482 0.000000
v -0.056965 0.069678 -0.001496
v -0.059317 0.067687 -0.002789
v -0.061624 0.065594 -0.003843
v -0.063893 0.063386 -0.004691
v -0.066710 0.060414 -0.005504
v -0.069486 0.057198 -0.006063
v -0.072164 0.053781 -0.006385
v -0.075000 0.049749 -0.006500
v -0.075000 0.100000 -0.006500
v -0.069784 0.100000 -0.006109
v -0.064684 0.100000 -0.004945
v -0.059814 0.100000 -0.003034
v -0.055284 0.100000 -0.000418
v -0.051194 0.100000 0.002843
v -0.047636 0.100000 0.006678
v -0.044689 0.100000 0.011000
v -0.042419 0.100000 0.015713
v -0.040878 0.100000 0.020712
v -0.040098 0.100000 0.025884
v -0.040098 0.100000 0.031116
v -0.040877 0.100000 0.036288
v -0.042419 0.100000 0.041287
v -0.044689 0.100000 0.046000
v -0.047636 0.100000 0.050322
v -0.051194 0.100000 0.054157
v -0.055284 0.100000 0.057418
v -0.059814 0.100000 0.060034
v -0.064684 0.100000 0.061945
v -0.069783 0.100000 0.063109
v -0.075000 0.100000 0.063500
v -0.080216 0.100000 0.063109
v -0.085316 0.100000 0.061945
v -0.090186 0.100000 0.060034
v -0.094716 0.100000 0.057418
v -0.098806 0.100000 0.054157
v -0.102364 0.100000 0.050322
v -0.105311 0.100000 0.046000
v -0.107581 0.100000 0.041287
v -0.109122 0.100000 0.036288
v -0.109902 0.100000 0.031116
v -0.109902 0.100000 0.025884
v -0.109122 0.100000 0.020712
v -0.107581 0.100000 0.015713
v -0.105311 0.100000 0.011000
v -0.102364 0.100000 0.006678
v -0.098806 0.100000 0.002843
v -0.094716 0.100000 -0.000418
v -0.090186 0.100000 -0.003034
v -0.085316 0.100000 -0.004945
v -0.080217 0.100000 -0.006109
v -0.075000 0.100000 -0.006500
v -0.075000 0.049749 -0.006500
v -0.077941 0.045001 -0.006376
v -0.080641 0.039962 -0.006042
v -0.082385 0.036231 -0.005712
v -0.083915 0.032532 -0.005346
v -0.085344 0.028572 -0.004936
v -0.086512 0.024813 -0.004553
v -0.087430 0.021352 -0.004218
v -0.088100 0.018397 -0.003956
v -0.088708 0.015196 -0.003704
v -0.089134 0.012456 -0.003519
v -0.089440 0.010025 -0.003382
v -0.089718 0.007116 -0.003255
v -0.089890 0.004454 -0.003175
v -0.089985 0.001644 -0.003130
v -0.090000 -0.000047 -0.003123
v -0.089921 -0.003763 -0.003160
v -0.089800 -0.005991 -0.003217
v -0.089561 -0.008875 -0.003327
v -0.089181 -0.012114 -0.003498
v -0.088809 -0.014592 -0.003661
v -0.088294 -0.017443 -0.003877
v -0.087483 -0.021135 -0.004198
v -0.086440 -0.025062 -0.004578
v -0.084451 -0.031113 -0.005200
v -0.083188 -0.034347 -0.005529
v -0.080856 -0.039527 -0.006007
v -0.078307 -0.044363 -0.006343
v -0.075000 -0.049749 -0.006500
v -0.075000 -0.100000 -0.006500
v -0.080217 -0.100000 -0.006109
v -0.085316 -0.100000 -0.004945
v -0.090186 -0.100000 -0.003034
v -0.094716 -0.100000 -0.000418
v -0.098806 -0.100000 0.002843
v -0.102364 -0.100000 0.006678
v -0.105311 -0.100000 0.011000
v -0.107581 -0.100000 0.015713
v -0.109122 -0.100000 0.020712
v -0.109902 -0.100000 0.025884
v -0.109902 -0.100000 0.031116
v -0.109122 -0.100000 0.036288
v -0.107581 -0.100000 0.041287
v -0.105311 -0.100000 0.046000
v -0.102364 -0.100000 0.050322
v -0.098806 -0.100000 0.054157
v -0.094716 -0.100000 0.057418
v -0.090186 -0.100000 0.060034
v -0.085316 -0.100000 0.061945
v -0.080216 -0.100000 0.063109
v -0.075000 -0.100000 0.063500
v -0.069783 -0.100000 0.063109
v -0.064684 -0.100000 0.061945
v -0.059814 -0.100000 0.060034
v -0.055284 -0.100000 0.057418
v -0.051194 -0.100000 0.054157
v -0.047636 -0.100000 0.050322
v -0.044689 -0.100000 0.046000
v -0.042419 -0.100000 0.041287
v -0.040877 -0.100000 0.036288
v -0.040098 -0.100000 0.031116
v -0.040098 -0.100000 0.025884
v -0.040878 -0.100000 0.020712
v -0.042419 -0.100000 0.015713
v -0.044689 -0.100000 0.011000
v -0.047636 -0.100000 0.006678
v -0.051194 -0.100000 0.002843
v -0.055284 -0.100000 -0.000418
v -0.059814 -0.100000 -0.003034
v -0.064684 -0.100000 -0.004945
v -0.069784 -0.100000 -0.006109
v -0.075000 -0.100000 -0.006500
v -0.075000 -0.049749 -0.006500
v -0.074920 -0.049870 -0.006500
v -0.072529 -0.053287 -0.006413
v -0.069942 -0.056640 -0.006133
v -0.067488 -0.059543 -0.005684
v -0.064879 -0.062376 -0.005005
v -0.062414 -0.064842 -0.004159
v -0.060234 -0.066872 -0.003232
v -0.058123 -0.068715 -0.002162
v -0.054684 -0.071482 -0.000000
v -0.049070 -0.056720 0.000000
v -0.042928 -0.061500 -0.000000
v -0.036323 -0.065617 -0.000000
v -0.029328 -0.069028 -0.000000
v -0.022016 -0.071696 -0.000000
v -0.014468 -0.073591 -0.000000
v -0.006763 -0.074694 -0.000000
v 0.001014 -0.074993 -0.000000
v 0.008780 -0.074484 -0.000000
v 0.016452 -0.073173 -0.000000
v 0.023946 -0.071074 -0.000000
v 0.031183 -0.068210 -0.000000
v 0.038084 -0.064611 -0.000000
v 0.044575 -0.060317 -0.000000
v 0.050585 -0.055373 -0.000000
v 0.056051 -0.049832 -0.000000
v 0.060914 -0.043755 -0.000000
v 0.065120 -0.037207 -0.000000
v 0.068625 -0.030258 -0.000000
v 0.071392 -0.022983 -0.000000
v 0.073389 -0.015461 -0.000000
v 0.074596 -0.007772 -0.000000
v 0.075000 0.000000 -0.000000
v 0.074596 0.007772 -0.000000
v 0.073389 0.015461 -0.000000
v 0.071392 0.022983 -0.000000
v 0.068625 0.030258 -0.000000
v 0.065120 0.037207 -0.000000
v 0.060914 0.043755 -0.000000
v 0.056051 0.049832 -0.000000
v 0.050585 0.055373 -0.000000
v 0.044575 0.060317 0.000000
v 0.038084 0.064611 0.000000
v 0.031183 0.068210 0.000000
v 0.023946 0.071074 0.000000
v 0.016452 0.073173 0.000000
v 0.008780 0.074484 0.000000
v 0.001014 0.074993 0.000000
v -0.006763 0.074694 0.000000
v -0.014468 0.073591 0.000000
v -0.022016 0.071696 0.000000
v -0.029328 0.069028 0.000000
v -0.036323 0.065617 0.000000
v -0.042928 0.061500 0.000000
v -0.049070 0.056720 0.000000
v -0.054684 0.051329 0.000000
v -0.054684 0.071482 0.000000
v -0.047835 0.076235 0.000000
v -0.040576 0.080334 0.000000
v -0.032969 0.083744 0.000000
v -0.025079 0.086435 0.000000
v -0.016974 0.088385 0.000000
v -0.008723 0.089576 0.000000
v -0.000397 0.089999 0.000000
v 0.007932 0.089650 0.000000
v 0.016193 0.088531 0.000000
v 0.024315 0.086653 0.000000
v 0.032228 0.084032 0.000000
v 0.039865 0.080689 0.000000
v 0.047160 0.076655 0.000000
v 0.054050 0.071962 0.000000
v 0.060477 0.066652 -0.000000
v 0.066385 0.060771 -0.000000
v 0.071723 0.054368 -0.000000
v 0.076446 0.047498 -0.000000
v 0.080513 0.040221 -0.000000
v 0.083889 0.032599 -0.000000
v 0.086545 0.024697 -0.000000
v 0.088459 0.016583 -0.000000
v 0.089614 0.008327 -0.000000
v 0.090000 0.000000 -0.000000
v 0.089614 -0.008327 -0.000000
v 0.088459 -0.016583 -0.000000
v 0.086545 -0.024697 -0.000000
v 0.083889 -0.032599 -0.000000
v 0.080513 -0.040221 -0.000000
v 0.076446 -0.047498 -0.000000
v 0.071723 -0.054368 -0.000000
v 0.066385 -0.060771 -0.000000
v 0.060477 -0.066652 -0.000000
v 0.054050 -0.071962 -0.000000
v 0.047160 -0.076655 -0.000000
v 0.039865 -0.080689 -0.000000
v 0.032228 -0.084032 -0.000000
v 0.024315 -0.086653 -0.000000
v 0.016193 -0.088531 -0.000000
v 0.007932 -0.089650 -0.000000
v -0.000397 -0.089999 -0.000000
v -0.008723 -0.089576 -0.000000
v -0.016974 -0.088385 -0.000000
v -0.025079 -0.086435 -0.000000
v -0.032969 -0.083744 -0.000000
v -0.040576 -0.080334 -0.000000
v -0.047835 -0.076235 -0.000000
v -0.054684 -0.071482 -0.000000
v -0.054684 -0.051329 0.000000
v -0.054684 0.051329 0.000000
v -0.053243 0.052822 0.001084
v -0.051323 0.054690 0.002724
v -0.049667 0.056198 0.004350
v -0.048018 0.057613 0.006207
v -0.046641 0.058733 0.007987
v -0.045180 0.059864 0.010176
v -0.043739 0.060926 0.012761
v -0.042547 0.061764 0.015392
v -0.041629 0.062386 0.017948
v -0.041050 0.062769 0.019993
v -0.040807 0.062927 0.021027
v -0.040463 0.063149 0.022828
v -0.040297 0.063254 0.023946
v -0.040192 0.063322 0.024841
v -0.040041 0.063417 0.026803
v -0.040006 0.063439 0.027826
v -0.040003 0.063441 0.028991
v -0.040073 0.063397 0.030755
v -0.040146 0.063351 0.031693
v -0.040297 0.063255 0.033050
v -0.040551 0.063092 0.034687
v -0.040748 0.062965 0.035696
v -0.041317 0.062593 0.038012
v -0.042196 0.062004 0.040703
v -0.043446 0.061134 0.043645
v -0.045030 0.059978 0.046577
v -0.046381 0.058939 0.048648
v -0.047400 0.058123 0.050023
v -0.048784 0.056966 0.051689
v -0.050628 0.055333 0.053620
v -0.052507 0.053554 0.055315
v -0.054408 0.051621 0.056802
v -0.056339 0.049507 0.058110
v -0.058530 0.046896 0.059383
v -0.060953 0.043701 0.060557
v -0.063265 0.040280 0.061474
v -0.065165 0.037129 0.062090
v -0.066380 0.034910 0.062422
v -0.066947 0.033810 0.062561
v -0.068233 0.031134 0.062840
v -0.069345 0.028570 0.063040
v -0.070303 0.026125 0.063183
v -0.071442 0.022828 0.063319
v -0.072131 0.020544 0.063382
v -0.072918 0.017548 0.063438
v -0.073654 0.014147 0.063474
v -0.074296 0.010252 0.063493
v -0.074635 0.007388 0.063498
v -0.074870 0.004412 0.063500
v -0.074993 0.000985 0.063500
v -0.075000 -0.000188 0.063500
v -0.074918 -0.003512 0.063500
v -0.074637 -0.007373 0.063498
v -0.074134 -0.011367 0.063489
v -0.073600 -0.014425 0.063472
v -0.072979 -0.017293 0.063442
v -0.072154 -0.020464 0.063384
v -0.071147 -0.023730 0.063287
v -0.070390 -0.025889 0.063195
v -0.069212 -0.028891 0.063018
v -0.068117 -0.031385 0.062817
v -0.067100 -0.033505 0.062597
v -0.065942 -0.035730 0.062308
v -0.063927 -0.039222 0.061702
v -0.061857 -0.042411 0.060939
v -0.059805 -0.045259 0.060030
v -0.057997 -0.047553 0.059093
v -0.056149 -0.049722 0.057990
v -0.054273 -0.051763 0.056703
v -0.052190 -0.053863 0.055046
v -0.050558 -0.055398 0.053551
v -0.049228 -0.056583 0.052182
v -0.047718 -0.057862 0.050424
v -0.046242 -0.059048 0.048450
v -0.044681 -0.060238 0.045985
v -0.043185 -0.061319 0.043088
v -0.042176 -0.062018 0.040648
v -0.041345 -0.062575 0.038110
v -0.040875 -0.062883 0.036277
v -0.040604 -0.063058 0.034974
v -0.040335 -0.063230 0.033331
v -0.040210 -0.063310 0.032333
v -0.040077 -0.063394 0.030822
v -0.040008 -0.063438 0.029229
v -0.040000 -0.063443 0.028330
v -0.040077 -0.063395 0.026184
v -0.040171 -0.063335 0.025046
v -0.040284 -0.063263 0.024047
v -0.040564 -0.063084 0.022242
v -0.040897 -0.062869 0.020629
v -0.041625 -0.062389 0.017960
v -0.042669 -0.061679 0.015094
v -0.043886 -0.060820 0.012472
v -0.045203 -0.059847 0.010138
v -0.046621 -0.058749 0.008015
v -0.048189 -0.057470 0.006002
v -0.050230 -0.055695 0.003773
v -0.052411 -0.053648 0.001766
v -0.054684 -0.051329 0.000000
v -0.049070 -0.056720 0.000000
v -0.042928 -0.061500 -0.000000
v -0.036323 -0.065617 -0.000000
v -0.029328 -0.069028 -0.000000
v -0.022016 -0.071696 -0.000000
v -0.014468 -0.073591 -0.000000
v -0.006763 -0.074694 -0.000000
v 0.001014 -0.074993 -0.000000
v 0.008780 -0.074484 -0.000000
v 0.016452 -0.073173 -0.000000
v 0.023946 -0.071074 -0.000000
v 0.031183 -0.068210 -0.000000
v 0.038084 -0.064611 -0.000000
v 0.044575 -0.060317 -0.000000
v 0.050585 -0.055373 -0.000000
v 0.056051 -0.049832 -0.000000
v 0.060914 -0.043755 -0.000000
v 0.065120 -0.037207 -0.000000
v 0.068625 -0.030258 -0.000000
v 0.071392 -0.022983 -0.000000
v 0.073389 -0.015461 -0.000000
v 0.074596 -0.007772 -0.000000
v 0.075000 0.000000 -0.000000
v 0.075000 -0.000000 0.300000
v 0.074603 -0.007712 0.300000
v 0.073414 -0.015341 0.300000
v 0.071448 -0.022809 0.300000
v 0.068724 -0.030034 0.300000
v 0.065271 -0.036941 0.300000
v 0.061127 -0.043457 0.300000
v 0.056335 -0.049511 0.300000
v 0.050946 -0.055041 0.300000
v 0.045016 -0.059988 0.300000
v 0.038610 -0.064299 0.300000
v 0.031794 -0.067928 0.300000
v 0.024641 -0.070837 0.300000
v 0.017227 -0.072995 0.300000
v 0.009630 -0.074379 0.300000
v 0.001931 -0.074975 0.300000
v -0.005788 -0.074776 0.300000
v -0.013446 -0.073785 0.300000
v -0.020961 -0.072011 0.300000
v -0.028255 -0.069474 0.300000
v -0.035248 -0.066201 0.300000
v -0.041868 -0.062226 0.300000
v -0.048044 -0.057591 0.300000
v -0.053711 -0.052346 0.300000
v -0.058809 -0.046546 0.300000
v -0.063283 -0.040252 0.300000
v -0.067086 -0.033532 0.300000
v -0.070179 -0.026456 0.300000
v -0.072527 -0.019100 0.300000
v -0.074107 -0.011542 0.300000
v -0.074901 -0.003861 0.300000
v -0.074901 0.003861 0.300000
v -0.074107 0.011542 0.300000
v -0.072527 0.019100 0.300000
v -0.070179 0.026456 0.300000
v -0.067086 0.033532 0.300000
v -0.063283 0.040252 0.300000
v -0.058809 0.046546 0.300000
v -0.053711 0.052346 0.300000
v -0.048044 0.057591 0.300000
v -0.041868 0.062226 0.300000
v -0.035248 0.066201 0.300000
v -0.028255 0.069474 0.300000
v -0.020961 0.072011 0.300000
v -0.013446 0.073785 0.300000
v -0.005788 0.074776 0.300000
v 0.001931 0.074975 0.300000
v 0.009630 0.074379 0.300000
v 0.017227 0.072995 0.300000
v 0.024641 0.070837 0.300000
v 0.031794 0.067928 0.300000
v 0.038610 0.064299 0.300000
v 0.045016 0.059988 0.300000
v 0.050946 0.055041 0.300000
v 0.056335 0.049511 0.300000
v 0.061127 0.043457 0.300000
v 0.065271 0.036941 0.300000
v 0.068724 0.030034 0.300000
v 0.071448 0.022809 0.300000
v 0.073414 0.015341 0.300000
v 0.074603 0.007712 0.300000
v 0.075000 -0.000000 0.300000
v 0.075000 0.000000 -0.000000
v 0.074596 0.007772 -0.000000
v 0.073389 0.015461 -0.000000
v 0.071392 0.022983 -0.000000
v 0.068625 0.030258 -0.000000
v 0.065120 0.037207 -0.000000
v 0.060914 0.043755 -0.000000
v 0.056051 0.049832 -0.000000
v 0.050585 0.055373 -0.000000
v 0.044575 0.060317 0.000000
v 0.038084 0.064611 0.000000
v 0.031183 0.068210 0.000000
v 0.023946 0.071074 0.000000
v 0.016452 0.073173 0.000000
v 0.008780 0.074484 0.000000
v 0.001014 0.074993 0.000000
v -0.006763 0.074694 0.000000
v -0.014468 0.073591 0.000000
v -0.022016 0.071696 0.000000
v -0.029328 0.069028 0.000000
v -0.036323 0.065617 0.000000
v -0.042928 0.061500 0.000000
v -0.049070 0.056720 0.000000
v -0.075000 0.100000 -0.006500
v -0.080217 0.100000 -0.006109
v -0.085316 0.100000 -0.004945
v -0.090186 0.100000 -0.003034
v -0.094716 0.100000 -0.000418
v -0.098806 0.100000 0.002843
v -0.102364 0.100000 0.006678
v -0.105311 0.100000 0.011000
v -0.107581 0.100000 0.015713
v -0.109122 0.100000 0.020712
v -0.109902 0.100000 0.025884
v -0.109902 0.100000 0.031116
v -0.109122 0.100000 0.036288
v -0.107581 0.100000 0.041287
v -0.105311 0.100000 0.046000
v -0.102364 0.100000 0.050322
v -0.098806 0.100000 0.054157
v -0.094716 0.100000 0.057418
v -0.090186 0.100000 0.060034
v -0.085316 0.100000 0.061945
v -0.080216 0.100000 0.063109
v -0.075000 0.100000 0.063500
v -0.069783 0.100000 0.063109
v -0.064684 0.100000 0.061945
v -0.059814 0.100000 0.060034
v -0.055284 0.100000 0.057418
v -0.051194 0.100000 0.054157
v -0.047636 0.100000 0.050322
v -0.044689 0.100000 0.046000
v -0.042419 0.100000 0.041287
v -0.040877 0.100000 0.036288
v -0.040098 0.100000 0.031116
v -0.040098 0.100000 0.025884
v -0.040878 0.100000 0.020712
v -0.042419 0.100000 0.015713
v -0.044689 0.100000 0.011000
v -0.047636 0.100000 0.006678
v -0.051194 0.100000 0.002843
v -0.055284 0.100000 -0.000418
v -0.059814 0.100000 -0.003034
v -0.064684 0.100000 -0.004945
v -0.069784 0.100000 -0.006109
v -0.075000 0.100000 0.000000
v -0.070184 0.100000 0.000410
v -0.065506 0.100000 0.001628
v -0.061101 0.100000 0.003619
v -0.057096 0.100000 0.006326
v -0.053606 0.100000 0.009671
v -0.050731 0.100000 0.013557
v -0.048555 0.100000 0.017874
v -0.047140 0.100000 0.022496
v -0.046526 0.100000 0.027290
v -0.046731 0.100000 0.032120
v -0.047749 0.100000 0.036845
v -0.049552 0.100000 0.041331
v -0.052086 0.100000 0.045447
v -0.055280 0.100000 0.049076
v -0.059041 0.100000 0.052113
v -0.063261 0.100000 0.054470
v -0.067819 0.100000 0.056080
v -0.072583 0.100000 0.056897
v -0.077417 0.100000 0.056897
v -0.082181 0.100000 0.056080
v -0.086739 0.100000 0.054470
v -0.090959 0.100000 0.052113
v -0.094720 0.100000 0.049076
v -0.097914 0.100000 0.045447
v -0.100448 0.100000 0.041331
v -0.102251 0.100000 0.036845
v -0.103269 0.100000 0.032120
v -0.103474 0.100000 0.027290
v -0.102860 0.100000 0.022496
v -0.101445 0.100000 0.017874
v -0.099269 0.100000 0.013557
v -0.096394 0.100000 0.009671
v -0.092904 0.100000 0.006326
v -0.088899 0.100000 0.003619
v -0.084495 0.100000 0.001628
v -0.079817 0.100000 0.000410
v -0.080217 -0.100000 -0.006109
v -0.085316 -0.100000 -0.004945
v -0.090186 -0.100000 -0.003034
v -0.094716 -0.100000 -0.000418
v -0.098806 -0.100000 0.002843
v -0.102364 -0.100000 0.006678
v -0.105311 -0.100000 0.011000
v -0.107581 -0.100000 0.015713
v -0.109122 -0.100000 0.020712
v -0.109902 -0.100000 0.025884
v -0.109902 -0.100000 0.031116
v -0.109122 -0.100000 0.036288
v -0.107581 -0.100000 0.041287
v -0.105311 -0.100000 0.046000
v -0.102364 -0.100000 0.050322
v -0.098806 -0.100000 0.054157
v -0.094716 -0.100000 0.057418
v -0.090186 -0.100000 0.060034
v -0.085316 -0.100000 0.061945
v -0.080216 -0.100000 0.063109
v -0.075000 -0.100000 0.063500
v -0.069783 -0.100000 0.063109
v -0.064684 -0.100000 0.061945
v -0.059814 -0.100000 0.060034
v -0.055284 -0.100000 0.057418
v -0.051194 -0.100000 0.054157
v -0.047636 -0.100000 0.050322
v -0.044689 -0.100000 0.046000
v -0.042419 -0.100000 0.041287
v -0.040877 -0.100000 0.036288
v -0.040098 -0.100000 0.031116
v -0.040098 -0.100000 0.025884
v -0.040878 -0.100000 0.020712
v -0.042419 -0.100000 0.015713
v -0.044689 -0.100000 0.011000
v -0.047636 -0.100000 0.006678
v -0.051194 -0.100000 0.002843
v -0.055284 -0.100000 -0.000418
v -0.059814 -0.100000 -0.003034
v -0.064684 -0.100000 -0.004945
v -0.069784 -0.100000 -0.006109
v -0.075000 -0.100000 -0.006500
v -0.070184 -0.100000 0.000410
v -0.065506 -0.100000 0.001628
v -0.061101 -0.100000 0.003619
v -0.057096 -0.100000 0.006326
v -0.053606 -0.100000 0.009671
v -0.050731 -0.100000 0.013557
v -0.048555 -0.100000 0.017874
v -0.047140 -0.100000 0.022496
v -0.046526 -0.100000 0.027290
v -0.046731 -0.100000 0.032120
v -0.047749 -0.100000 0.036845
v -0.049552 -0.100000 0.041331
v -0.052086 -0.100000 0.045447
v -0.055280 -0.100000 0.049076
v -0.059041 -0.100000 0.052112
v -0.063261 -0.100000 0.054470
v -0.067819 -0.100000 0.056080
v -0.072583 -0.100000 0.056897
v -0.077417 -0.100000 0.056897
v -0.082181 -0.100000 0.056080
v -0.086739 -0.100000 0.054470
v -0.090959 -0.100000 0.052113
v -0.094720 -0.100000 0.049076
v -0.097914 -0.100000 0.045447
v -0.100448 -0.100000 0.041331
v -0.102251 -0.100000 0.036845
v -0.103269 -0.100000 0.032120
v -0.103474 -0.100000 0.027290
v -0.102860 -0.100000 0.022496
v -0.101445 -0.100000 0.017874
v -0.099269 -0.100000 0.013557
v -0.096394 -0.100000 0.009671
v -0.092904 -0.100000 0.006326
v -0.088899 -0.100000 0.003619
v -0.084495 -0.100000 0.001628
v -0.079817 -0.100000 0.000410
v -0.075000 -0.100000 -0.000000
v 0.074603 -0.007712 0.300000
v 0.073414 -0.015341 0.300000
v 0.071448 -0.022809 0.300000
v 0.068724 -0.030034 0.300000
v 0.065271 -0.036941 0.300000
v 0.061127 -0.043457 0.300000
v 0.056335 -0.049511 0.300000
v 0.050946 -0.055041 0.300000
v 0.045016 -0.059988 0.300000
v 0.038610 -0.064299 0.300000
v 0.031794 -0.067928 0.300000
v 0.024641 -0.070837 0.300000
v 0.017227 -0.072995 0.300000
v 0.009630 -0.074379 0.300000
v 0.001931 -0.074975 0.300000
v -0.005788 -0.074776 0.300000
v -0.013446 -0.073785 0.300000
v -0.020961 -0.072011 0.300000
v -0.028255 -0.069474 0.300000
v -0.035248 -0.066201 0.300000
v -0.041868 -0.062226 0.300000
v -0.048044 -0.057591 0.300000
v -0.053711 -0.052346 0.300000
v -0.058809 -0.046546 0.300000
v -0.063283 -0.040252 0.300000
v -0.067086 -0.033532 0.300000
v -0.070179 -0.026456 0.300000
v -0.072527 -0.019100 0.300000
v -0.074107 -0.011542 0.300000
v -0.074901 -0.003861 0.300000
v -0.074901 0.003861 0.300000
v -0.074107 0.011542 0.300000
v -0.072527 0.019100 0.300000
v -0.070179 0.026456 0.300000
v -0.067086 0.033532 0.300000
v -0.063283 0.040252 0.300000
v -0.058809 0.046546 0.300000
v -0.053711 0.052346 0.300000
v -0.048044 0.057591 0.300000
v -0.041868 0.062226 0.300000
v -0.035248 0.066201 0.300000
v -0.028255 0.069474 0.300000
v -0.020961 0.072011 0.300000
v -0.013446 0.073785 0.300000
v -0.005788 0.074776 0.300000
v 0.001931 0.074975 0.300000
v 0.009630 0.074379 0.300000
v 0.017227 0.072995 0.300000
v 0.024641 0.070837 0.300000
v 0.031794 0.067928 0.300000
v 0.038610 0.064299 0.300000
v 0.045016 0.059988 0.300000
v 0.050946 0.055041 0.300000
v 0.056335 0.049511 0.300000
v 0.061127 0.043457 0.300000
v 0.065271 0.036941 0.300000
v 0.068724 0.030034 0.300000
v 0.071448 0.022809 0.300000
v 0.073414 0.015341 0.300000
v 0.074603 0.007712 0.300000
v 0.075000 -0.000000 0.300000
v -0.075000 0.120000 0.000000
v -0.070184 0.120000 0.000410
v -0.065506 0.120000 0.001628
v -0.061101 0.120000 0.003619
v -0.057096 0.120000 0.006326
v -0.053606 0.120000 0.009671
v -0.050731 0.120000 0.013557
v -0.048555 0.120000 0.017874
v -0.047140 0.120000 0.022496
v -0.046526 0.120000 0.027290
v -0.046731 0.120000 0.032120
v -0.047749 0.120000 0.036845
v -0.049552 0.120000 0.041331
v -0.052086 0.120000 0.045447
v -0.055280 0.120000 0.049076
v -0.059041 0.120000 0.052113
v -0.063261 0.120000 0.054470
v -0.067819 0.120000 0.056080
v -0.072583 0.120000 0.056897
v -0.077417 0.120000 0.056897
v -0.082181 0.120000 0.056080
v -0.086739 0.120000 0.054470
v -0.090959 0.120000 0.052113
v -0.094720 0.120000 0.049076
v -0.097914 0.120000 0.045447
v -0.100448 0.120000 0.041331
v -0.102251 0.120000 0.036845
v -0.103269 0.120000 0.032120
v -0.103474 0.120000 0.027290
v -0.102860 0.120000 0.022496
v -0.101445 0.120000 0.017874
v -0.099269 0.120000 0.013557
v -0.096394 0.120000 0.009671
v -0.092904 0.120000 0.006326
v -0.088899 0.120000 0.003619
v -0.084495 0.120000 0.001628
v -0.079817 0.120000 0.000410
v -0.075000 0.120000 0.000000
v -0.075000 0.100000 0.000000
v -0.070184 0.100000 0.000410
v -0.065506 0.100000 0.001628
v -0.061101 0.100000 0.003619
v -0.057096 0.100000 0.006326
v -0.053606 0.100000 0.009671
v -0.050731 0.100000 0.013557
v -0.048555 0.100000 0.017874
v -0.047140 0.100000 0.022496
v -0.046526 0.100000 0.027290
v -0.046731 0.100000 0.032120
v -0.047749 0.100000 0.036845
v -0.049552 0.100000 0.041331
v -0.052086 0.100000 0.045447
v -0.055280 0.100000 0.049076
v -0.059041 0.100000 0.052113
v -0.063261 0.100000 0.054470
v -0.067819 0.100000 0.056080
v -0.072583 0.100000 0.056897
v -0.077417 0.100000 0.056897
v -0.082181 0.100000 0.056080
v -0.086739 0.100000 0.054470
v -0.090959 0.100000 0.052113
v -0.094720 0.100000 0.049076
v -0.097914 0.100000 0.045447
v -0.100448 0.100000 0.041331
v -0.102251 0.100000 0.036845
v -0.103269 0.100000 0.032120
v -0.103474 0.100000 0.027290
v -0.102860 0.100000 0.022496
v -0.101445 0.100000 0.017874
v -0.099269 0.100000 0.013557
v -0.096394 0.100000 0.009671
v -0.092904 0.100000 0.006326
v -0.088899 0.100000 0.003619
v -0.084495 0.100000 0.001628
v -0.079817 0.100000 0.000410
v -0.075000 0.100000 0.000000
v -0.075000 -0.100000 -0.000000
v -0.070184 -0.100000 0.000410
v -0.065506 -0.100000 0.001628
v -0.061101 -0.100000 0.003619
v -0.057096 -0.100000 0.006326
v -0.053606 -0.100000 0.009671
v -0.050731 -0.100000 0.013557
v -0.048555 -0.100000 0.017874
v -0.047140 -0.100000 0.022496
v -0.046526 -0.100000 0.027290
v -0.046731 -0.100000 0.032120
v -0.047749 -0.100000 0.036845
v -0.049552 -0.100000 0.041331
v -0.052086 -0.100000 0.045447
v -0.055280 -0.100000 0.049076
v -0.059041 -0.100000 0.052112
v -0.063261 -0.100000 0.054470
v -0.067819 -0.100000 0.056080
v -0.072583 -0.100000 0.056897
v -0.077417 -0.100000 0.056897
v -0.082181 -0.100000 0.056080
v -0.086739 -0.100000 0.054470
v -0.090959 -0.100000 0.052113
v -0.094720 -0.100000 0.049076
v -0.097914 -0.100000 0.045447
v -0.100448 -0.100000 0.041331
v -0.102251 -0.100000 0.036845
v -0.103269 -0.100000 0.032120
v -0.103474 -0.100000 0.027290
v -0.102860 -0.100000 0.022496
v -0.101445 -0.100000 0.017874
v -0.099269 -0.100000 0.013557
v -0.096394 -0.100000 0.009671
v -0.092904 -0.100000 0.006326
v -0.088899 -0.100000 0.003619
v -0.084495 -0.100000 0.001628
v -0.079817 -0.100000 0.000410
v -0.075000 -0.100000 -0.000000
v -0.075000 -0.120000 -0.000000
v -0.070184 -0.120000 0.000410
v -0.065506 -0.120000 0.001628
v -0.061101 -0.120000 0.003619
v -0.057096 -0.120000 0.006326
v -0.053606 -0.120000 0.009671
v -0.050731 -0.120000 0.013557
v -0.048555 -0.120000 0.017874
v -0.047140 -0.120000 0.022496
v -0.046526 -0.120000 0.027290
v -0.046731 -0.120000 0.032120
v -0.047749 -0.120000 0.036845
v -0.049552 -0.120000 0.041331
v -0.052086 -0.120000 0.045447
v -0.055280 -0.120000 0.049076
v -0.059041 -0.120000 0.052112
v -0.063261 -0.120000 0.054470
v -0.067819 -0.120000 0.056080
v -0.072583 -0.120000 0.056897
v -0.077417 -0.120000 0.056897
v -0.082181 -0.120000 0.056080
v -0.086739 -0.120000 0.054470
v -0.090959 -0.120000 0.052113
v -0.094720 -0.120000 0.049076
v -0.097914 -0.120000 0.045447
v -0.100448 -0.120000 0.041331
v -0.102251 -0.120000 0.036845
v -0.103269 -0.120000 0.032120
v -0.103474 -0.120000 0.027290
v -0.102860 -0.120000 0.022496
v -0.101445 -0.120000 0.017874
v -0.099269 -0.120000 0.013557
v -0.096394 -0.120000 0.009671
v -0.092904 -0.120000 0.006326
v -0.088899 -0.120000 0.003619
v -0.084495 -0.120000 0.001628
v -0.079817 -0.120000 0.000410
v -0.075000 -0.120000 -0.000000
v -0.070184 0.120000 0.000410
v -0.065506 0.120000 0.001628
v -0.061101 0.120000 0.003619
v -0.057096 0.120000 0.006326
v -0.053606 0.120000 0.009671
v -0.050731 0.120000 0.013557
v -0.048555 0.120000 0.017874
v -0.047140 0.120000 0.022496
v -0.046526 0.120000 0.027290
v -0.046731 0.120000 0.032120
v -0.047749 0.120000 0.036845
v -0.049552 0.120000 0.041331
v -0.052086 0.120000 0.045447
v -0.055280 0.120000 0.049076
v -0.059041 0.120000 0.052113
v -0.063261 0.120000 0.054470
v -0.067819 0.120000 0.056080
v -0.072583 0.120000 0.056897
v -0.077417 0.120000 0.056897
v -0.082181 0.120000 0.056080
v -0.086739 0.120000 0.054470
v -0.090959 0.120000 0.052113
v -0.094720 0.120000 0.049076
v -0.097914 0.120000 0.045447
v -0.100448 0.120000 0.041331
v -0.102251 0.120000 0.036845
v -0.103269 0.120000 0.032120
v -0.103474 0.120000 0.027290
v -0.102860 0.120000 0.022496
v -0.101445 0.120000 0.017874
v -0.099269 0.120000 0.013557
v -0.096394 0.120000 0.009671
v -0.092904 0.120000 0.006326
v -0.088899 0.120000 0.003619
v -0.084495 0.120000 0.001628
v -0.079817 0.120000 0.000410
v -0.075000 0.120000 0.000000
v -0.079464 0.120000 0.003902
v -0.083784 0.120000 0.005094
v -0.087823 0.120000 0.007039
v -0.091449 0.120000 0.009673
v -0.094546 0.120000 0.012913
v -0.097015 0.120000 0.016653
v -0.098776 0.120000 0.020775
v -0.099774 0.120000 0.025144
v -0.099975 0.120000 0.029622
v -0.099373 0.120000 0.034063
v -0.097988 0.120000 0.038326
v -0.095864 0.120000 0.042272
v -0.093070 0.120000 0.045777
v -0.089695 0.120000 0.048725
v -0.085847 0.120000 0.051024
v -0.081651 0.120000 0.052599
v -0.077241 0.120000 0.053399
v -0.072759 0.120000 0.053399
v -0.068349 0.120000 0.052599
v -0.064153 0.120000 0.051024
v -0.060305 0.120000 0.048725
v -0.056930 0.120000 0.045777
v -0.054136 0.120000 0.042272
v -0.052012 0.120000 0.038326
v -0.050627 0.120000 0.034063
v -0.050025 0.120000 0.029622
v -0.050226 0.120000 0.025144
v -0.051224 0.120000 0.020775
v -0.052985 0.120000 0.016653
v -0.055454 0.120000 0.012913
v -0.058552 0.120000 0.009673
v -0.062178 0.120000 0.007039
v -0.066216 0.120000 0.005094
v -0.070536 0.120000 0.003902
v -0.075000 0.120000 0.003500
v -0.075000 -0.120000 -0.000000
v -0.070184 -0.120000 0.000410
v -0.065506 -0.120000 0.001628
v -0.061101 -0.120000 0.003619
v -0.057096 -0.120000 0.006326
v -0.053606 -0.120000 0.009671
v -0.050731 -0.120000 0.013557
v -0.048555 -0.120000 0.017874
v -0.047140 -0.120000 0.022496
v -0.046526 -0.120000 0.027290
v -0.046731 -0.120000 0.032120
v -0.047749 -0.120000 0.036845
v -0.049552 -0.120000 0.041331
v -0.052086 -0.120000 0.045447
v -0.055280 -0.120000 0.049076
v -0.059041 -0.120000 0.052112
v -0.063261 -0.120000 0.054470
v -0.067819 -0.120000 0.056080
v -0.072583 -0.120000 0.056897
v -0.077417 -0.120000 0.056897
v -0.082181 -0.120000 0.056080
v -0.086739 -0.120000 0.054470
v -0.090959 -0.120000 0.052113
v -0.094720 -0.120000 0.049076
v -0.097914 -0.120000 0.045447
v -0.100448 -0.120000 0.041331
v -0.102251 -0.120000 0.036845
v -0.103269 -0.120000 0.032120
v -0.103474 -0.120000 0.027290
v -0.102860 -0.120000 0.022496
v -0.101445 -0.120000 0.017874
v -0.099269 -0.120000 0.013557
v -0.096394 -0.120000 0.009671
v -0.092904 -0.120000 0.006326
v -0.088899 -0.120000 0.003619
v -0.084495 -0.120000 0.001628
v -0.079817 -0.120000 0.000410
v -0.075000 -0.120000 0.003500
v -0.079464 -0.120000 0.003902
v -0.083784 -0.120000 0.005094
v -0.087823 -0.120000 0.007039
v -0.091449 -0.120000 0.009673
v -0.094546 -0.120000 0.012913
v -0.097015 -0.120000 0.016653
v -0.098776 -0.120000 0.020775
v -0.099774 -0.120000 0.025144
v -0.099975 -0.120000 0.029622
v -0.099373 -0.120000 0.034063
v -0.097988 -0.120000 0.038326
v -0.095864 -0.120000 0.042272
v -0.093070 -0.120000 0.045777
v -0.089695 -0.120000 0.048725
v -0.085847 -0.120000 0.051024
v -0.081651 -0.120000 0.052599
v -0.077241 -0.120000 0.053399
v -0.072759 -0.120000 0.053399
v -0.068349 -0.120000 0.052599
v -0.064153 -0.120000 0.051024
v -0.060305 -0.120000 0.048725
v -0.056930 -0.120000 0.045777
v -0.054136 -0.120000 0.042272
v -0.052012 -0.120000 0.038326
v -0.050627 -0.120000 0.034063
v -0.050025 -0.120000 0.029622
v -0.050226 -0.120000 0.025144
v -0.051224 -0.120000 0.020775
v -0.052985 -0.120000 0.016653
v -0.055454 -0.120000 0.012913
v -0.058552 -0.120000 0.009673
v -0.062178 -0.120000 0.007039
v -0.066216 -0.120000 0.005094
v -0.070536 -0.120000 0.003902
v -0.075000 0.120000 0.003500
v -0.070536 0.120000 0.003902
v -0.066216 0.120000 0.005094
v -0.062178 0.120000 0.007039
v -0.058552 0.120000 0.009673
v -0.055454 0.120000 0.012913
v -0.052985 0.120000 0.016653
v -0.051224 0.120000 0.020775
v -0.050226 0.120000 0.025144
v -0.050025 0.120000 0.029622
v -0.050627 0.120000 0.034063
v -0.052012 0.120000 0.038326
v -0.054136 0.120000 0.042272
v -0.056930 0.120000 0.045777
v -0.060305 0.120000 0.048725
v -0.064153 0.120000 0.051024
v -0.068349 0.120000 0.052599
v -0.072759 0.120000 0.053399
v -0.077241 0.120000 0.053399
v -0.081651 0.120000 0.052599
v -0.085847 0.120000 0.051024
v -0.089695 0.120000 0.048725
v -0.093070 0.120000 0.045777
v -0.095864 0.120000 0.042272
v -0.097988 0.120000 0.038326
v -0.099373 0.120000 0.034063
v -0.099975 0.120000 0.029622
v -0.099774 0.120000 0.025144
v -0.098776 0.120000 0.020775
v -0.097015 0.120000 0.016653
v -0.094546 0.120000 0.012913
v -0.091449 0.120000 0.009673
v -0.087823 0.120000 0.007039
v -0.083784 0.120000 0.005094
v -0.079464 0.120000 0.003902
v -0.075000 0.120000 0.003500
v -0.075000 -0.120000 0.003500
v -0.070536 -0.120000 0.003902
v -0.066216 -0.120000 0.005094
v -0.062178 -0.120000 0.007039
v -0.058552 -0.120000 0.009673
v -0.055454 -0.120000 0.012913
v -0.052985 -0.120000 0.016653
v -0.051224 -0.120000 0.020775
v -0.050226 -0.120000 0.025144
v -0.050025 -0.120000 0.029622
v -0.050627 -0.120000 0.034063
v -0.052012 -0.120000 0.038326
v -0.054136 -0.120000 0.042272
v -0.056930 -0.120000 0.045777
v -0.060305 -0.120000 0.048725
v -0.064153 -0.120000 0.051024
v -0.068349 -0.120000 0.052599
v -0.072759 -0.120000 0.053399
v -0.077241 -0.120000 0.053399
v -0.081651 -0.120000 0.052599
v -0.085847 -0.120000 0.051024
v -0.089695 -0.120000 0.048725
v -0.093070 -0.120000 0.045777
v -0.095864 -0.120000 0.042272
v -0.097988 -0.120000 0.038326
v -0.099373 -0.120000 0.034063
v -0.099975 -0.120000 0.029622
v -0.099774 -0.120000 0.025144
v -0.098776 -0.120000 0.020775
v -0.097015 -0.120000 0.016653
v -0.094546 -0.120000 0.012913
v -0.091449 -0.120000 0.009673
v -0.087823 -0.120000 0.007039
v -0.083784 -0.120000 0.005094
v -0.079464 -0.120000 0.003902
v -0.075000 -0.120000 0.003500
vn -0.0000 -0.0000 -1.0000
vn 0.0532 0.9986 -0.0000
vn 0.1591 0.9873 -0.0000
vn 0.2631 0.9648 -0.0000
vn 0.3642 0.9313 -0.0000
vn 0.4611 0.8874 -0.0000
vn 0.5528 0.8333 -0.0000
vn 0.6382 0.7698 -0.0000
vn 0.7165 0.6976 -0.0000
vn 0.7866 0.6175 -0.0000
vn 0.8477 0.5304 -0.0000
vn 0.8993 0.4373 -0.0000
vn 0.9407 0.3392 -0.0000
vn 0.9714 0.2373 -0.0000
vn 0.9912 0.1327 -0.0000
vn 0.9996 0.0266 -0.0000
vn 0.9968 -0.0798 -0.0000
vn 0.9827 -0.1853 -0.0000
vn 0.9574 -0.2887 -0.0000
vn 0.9213 -0.3888 -0.0000
vn 0.8748 -0.4846 -0.0000
vn 0.8183 -0.5748 -0.0000
vn 0.7526 -0.6585 -0.0000
vn 0.6783 -0.7348 -0.0000
vn 0.5964 -0.8027 -0.0000
vn 0.5077 -0.8616 -0.0000
vn 0.4132 -0.9106 -0.0000
vn 0.3141 -0.9494 -0.0000
vn 0.2114 -0.9774 -0.0000
vn 0.1063 -0.9943 -0.0000
vn -0.0000 -1.0000 -0.0000
vn -0.1063 -0.9943 -0.0000
vn -0.2114 -0.9774 -0.0000
vn -0.3141 -0.9494 -0.0000
vn -0.4132 -0.9106 -0.0000
vn -0.5077 -0.8616 -0.0000
vn -0.5964 -0.8027 -0.0000
vn -0.6783 -0.7348 -0.0000
vn -0.7526 -0.6585 -0.0000
vn -0.8183 -0.5748 -0.0000
vn -0.8748 -0.4846 -0.0000
vn -0.9213 -0.3888 -0.0000
vn -0.9574 -0.2887 -0.0000
vn -0.9827 -0.1853 -0.0000
vn -0.9968 -0.0798 -0.0000
vn -0.9996 0.0266 -0.0000
vn -0.9912 0.1327 -0.0000
vn -0.9714 0.2373 -0.0000
vn -0.9407 0.3392 -0.0000
vn -0.8993 0.4373 -0.0000
vn -0.8477 0.5304 -0.0000
vn -0.7866 0.6175 -0.0000
vn -0.7165 0.6976 -0.0000
vn -0.6382 0.7698 -0.0000
vn -0.5528 0.8333 -0.0000
vn -0.4611 0.8874 -0.0000
vn -0.3642 0.9313 -0.0000
vn -0.2631 0.9648 -0.0000
vn -0.1591 0.9873 -0.0000
vn -0.0532 0.9986 -0.0000
vn -0.5702 -0.8215 0.0016
vn -0.6271 -0.7789 0.0006
vn -0.6573 -0.7536 -0.0011
vn -0.6814 -0.7319 -0.0003
vn -0.7073 -0.7069 0.0002
vn -0.7354 -0.6777 -0.0013
vn -0.7637 -0.6455 0.0005
vn -0.7916 -0.6110 -0.0016
vn -0.8194 -0.5732 0.0006
vn -0.8328 -0.5535 -0.0005
vn -0.8522 -0.5232 -0.0000
vn -0.8846 -0.4663 -0.0000
vn -0.9118 -0.4107 0.0010
vn -0.9316 -0.3636 -0.0016
vn -0.9500 -0.3124 0.0011
vn -0.9665 -0.2567 -0.0001
vn -0.9768 -0.2144 0.0001
vn -0.9840 -0.1779 -0.0012
vn -0.9889 -0.1484 0.0001
vn -0.9932 -0.1166 -0.0002
vn -0.9966 -0.0826 -0.0010
vn -0.9985 -0.0542 0.0001
vn -0.9998 -0.0212 -0.0002
vn -1.0000 0.0088 -0.0013
vn -0.9994 0.0339 0.0001
vn -0.9979 0.0643 -0.0001
vn -0.9955 0.0952 -0.0017
vn -0.9922 0.1249 -0.0001
vn -0.9881 0.1537 0.0001
vn -0.9825 0.1865 -0.0018
vn -0.9753 0.2209 0.0001
vn -0.9665 0.2565 -0.0002
vn -0.9550 0.2966 -0.0003
vn -0.9406 0.3396 0.0002
vn -0.9241 0.3821 -0.0004
vn -0.9059 0.4234 0.0003
vn -0.8814 0.4723 0.0004
vn -0.8501 0.5266 -0.0006
vn -0.8179 0.5754 0.0008
vn -0.7871 0.6168 -0.0009
vn -0.7569 0.6535 0.0005
vn -0.7256 0.6881 -0.0009
vn -0.6975 0.7166 0.0003
vn -0.6717 0.7408 -0.0010
vn -0.6460 0.7633 -0.0002
vn -0.6204 0.7843 0.0001
vn -0.5702 0.8215 0.0016
vn -0.4917 0.8708 0.0015
vn -0.4090 0.9125 0.0015
vn -0.3228 0.9465 0.0014
vn -0.2339 0.9723 0.0014
vn -0.1429 0.9897 0.0013
vn -0.0507 0.9987 0.0013
vn 0.0419 0.9991 0.0012
vn 0.1342 0.9910 0.0011
vn 0.2253 0.9743 0.0011
vn 0.3145 0.9493 0.0010
vn 0.4010 0.9161 0.0010
vn 0.4840 0.8751 0.0009
vn 0.5629 0.8265 0.0008
vn 0.6369 0.7709 0.0007
vn 0.7055 0.7087 0.0007
vn 0.7681 0.6403 0.0006
vn 0.8240 0.5665 0.0005
vn 0.8729 0.4878 0.0004
vn 0.9143 0.4050 0.0004
vn 0.9479 0.3187 0.0003
vn 0.9733 0.2296 0.0002
vn 0.9904 0.1385 0.0001
vn 0.9989 0.0463 -0.0000
vn 0.9989 0.0469 -0.0001
vn 0.9901 0.1402 -0.0002
vn 0.9726 0.2323 -0.0003
vn 0.9466 0.3224 -0.0004
vn 0.9123 0.4096 -0.0004
vn 0.8699 0.4932 -0.0005
vn 0.8199 0.5725 -0.0006
vn 0.7627 0.6468 -0.0007
vn 0.6988 0.7153 -0.0008
vn 0.6287 0.7776 -0.0008
vn 0.5531 0.8331 -0.0009
vn 0.4727 0.8812 -0.0010
vn 0.3881 0.9216 -0.0010
vn 0.3001 0.9539 -0.0011
vn 0.2094 0.9778 -0.0012
vn 0.1170 0.9931 -0.0012
vn 0.0234 0.9997 -0.0013
vn -0.0703 0.9975 -0.0013
vn -0.1634 0.9866 -0.0014
vn -0.2550 0.9669 -0.0014
vn -0.3445 0.9388 -0.0015
vn -0.4309 0.9024 -0.0015
vn -0.5135 0.8581 -0.0016
vn -0.5916 0.8063 -0.0016
vn -0.6645 0.7473 -0.0020
vn -0.7315 0.6818 -0.0020
vn -0.7922 0.6103 -0.0020
vn -0.8458 0.5334 -0.0017
vn -0.8921 0.4519 -0.0022
vn -0.9305 0.3664 -0.0022
vn -0.9607 0.2776 -0.0022
vn -0.9956 0.0936 -0.0019
vn -1.0000 -0.0000 -0.0021
vn -0.9956 -0.0936 -0.0021
vn -0.9825 -0.1865 -0.0021
vn -0.9607 -0.2776 -0.0022
vn -0.9305 -0.3664 -0.0020
vn -0.8921 -0.4519 -0.0020
vn -0.8458 -0.5334 -0.0017
vn -0.7922 -0.6103 -0.0017
vn -0.7315 -0.6818 -0.0020
vn -0.6645 -0.7473 -0.0021
vn -0.5916 -0.8063 -0.0016
vn -0.5135 -0.8581 -0.0016
vn -0.4309 -0.9024 -0.0015
vn -0.3445 -0.9388 -0.0015
vn -0.2550 -0.9669 -0.0014
vn -0.1634 -0.9866 -0.0014
vn -0.0703 -0.9975 -0.0013
vn 0.0234 -0.9997 -0.0013
vn 0.1170 -0.9931 -0.0012
vn 0.2094 -0.9778 -0.0012
vn 0.3001 -0.9539 -0.0011
vn 0.3881 -0.9216 -0.0010
vn 0.4727 -0.8812 -0.0010
vn 0.5531 -0.8331 -0.0009
vn 0.6287 -0.7776 -0.0008
vn 0.6988 -0.7153 -0.0008
vn 0.7627 -0.6468 -0.0007
vn 0.8199 -0.5725 -0.0006
vn 0.8699 -0.4932 -0.0005
vn 0.9123 -0.4096 -0.0004
vn 0.9466 -0.3224 -0.0004
vn 0.9726 -0.2323 -0.0003
vn 0.9901 -0.1402 -0.0002
vn 0.9989 -0.0469 -0.0001
vn 0.9989 -0.0463 -0.0000
vn 0.9904 -0.1385 0.0001
vn 0.9733 -0.2296 0.0002
vn 0.9479 -0.3187 0.0003
vn 0.9143 -0.4050 0.0004
vn 0.8729 -0.4878 0.0004
vn 0.8240 -0.5665 0.0005
vn 0.7681 -0.6403 0.0006
vn 0.7055 -0.7087 0.0007
vn 0.6369 -0.7709 0.0007
vn 0.5629 -0.8265 0.0008
vn 0.4840 -0.8751 0.0009
vn 0.4010 -0.9161 0.0010
vn 0.3145 -0.9493 0.0010
vn 0.2253 -0.9743 0.0011
vn 0.1342 -0.9910 0.0011
vn 0.0419 -0.9991 0.0012
vn -0.0507 -0.9987 0.0013
vn -0.1429 -0.9897 0.0013
vn -0.2339 -0.9723 0.0014
vn -0.3228 -0.9465 0.0014
vn -0.4090 -0.9125 0.0015
vn -0.4917 -0.8708 0.0015
vn 0.6134 -0.0000 -0.7897
vn 0.6775 0.0007 -0.7355
vn 0.7371 -0.0012 -0.6758
vn 0.7891 0.0005 -0.6142
vn 0.8313 -0.0013 -0.5558
vn 0.8709 0.0006 -0.4915
vn 0.9070 -0.0009 -0.4211
vn 0.9396 0.0006 -0.3423
vn 0.9647 -0.0001 -0.2632
vn 0.9794 0.0001 -0.2019
vn 0.9882 -0.0020 -0.1533
vn 0.9936 -0.0006 -0.1130
vn 0.9966 0.0001 -0.0824
vn 0.9994 -0.0003 -0.0355
vn 1.0000 -0.0021 0.0080
vn 0.9990 -0.0002 0.0436
vn 0.9961 0.0001 0.0879
vn 0.9923 -0.0011 0.1239
vn 0.9868 -0.0016 0.1617
vn 0.9791 -0.0000 0.2036
vn 0.9686 -0.0000 0.2485
vn 0.9503 -0.0009 0.3112
vn 0.9241 0.0005 0.3821
vn 0.8886 -0.0000 0.4587
vn 0.8447 -0.0000 0.5353
vn 0.8011 0.0001 0.5985
vn 0.7583 -0.0001 0.6519
vn 0.7173 -0.0008 0.6968
vn 0.6756 0.0004 0.7373
vn 0.6216 -0.0014 0.7834
vn 0.5659 0.0004 0.8244
vn 0.5116 -0.0010 0.8592
vn 0.4602 -0.0000 0.8878
vn 0.4050 -0.0000 0.9143
vn 0.3454 -0.0006 0.9385
vn 0.2881 0.0002 0.9576
vn 0.2409 -0.0008 0.9706
vn 0.2094 -0.0009 0.9778
vn 0.1806 -0.0002 0.9836
vn 0.1487 0.0001 0.9889
vn 0.1205 -0.0002 0.9927
vn 0.0936 -0.0007 0.9956
vn 0.0660 -0.0009 0.9978
vn 0.0469 -0.0004 0.9989
vn 0.0313 -0.0002 0.9995
vn 0.0171 -0.0000 0.9999
vn 0.0063 -0.0000 1.0000
vn 0.0013 -0.0000 1.0000
vn -0.0000 -0.0000 1.0000
vn 0.0016 -0.0000 1.0000
vn 0.0071 -0.0000 1.0000
vn 0.0150 -0.0000 0.9999
vn 0.0284 0.0001 0.9996
vn 0.0470 0.0004 0.9989
vn 0.0672 0.0009 0.9977
vn 0.0892 0.0008 0.9960
vn 0.1174 0.0002 0.9931
vn 0.1480 -0.0000 0.9890
vn 0.1772 0.0001 0.9842
vn 0.2100 0.0009 0.9777
vn 0.2365 0.0010 0.9716
vn 0.2633 0.0002 0.9647
vn 0.3085 -0.0002 0.9512
vn 0.3670 0.0012 0.9302
vn 0.4368 -0.0005 0.8996
vn 0.5010 0.0014 0.8655
vn 0.5613 -0.0004 0.8276
vn 0.6152 0.0011 0.7884
vn 0.6702 -0.0004 0.7422
vn 0.7228 0.0009 0.6910
vn 0.7692 -0.0002 0.6390
vn 0.8033 0.0003 0.5956
vn 0.8373 0.0008 0.5467
vn 0.8800 -0.0006 0.4749
vn 0.9204 -0.0006 0.3910
vn 0.9505 0.0008 0.3106
vn 0.9711 -0.0004 0.2388
vn 0.9815 0.0004 0.1912
vn 0.9881 0.0021 0.1536
vn 0.9939 0.0004 0.1107
vn 0.9970 -0.0001 0.0778
vn 0.9992 0.0003 0.0393
vn 1.0000 0.0024 -0.0027
vn 0.9994 0.0007 -0.0339
vn 0.9971 -0.0004 -0.0765
vn 0.9931 0.0008 -0.1174
vn 0.9892 0.0023 -0.1463
vn 0.9822 0.0003 -0.1879
vn 0.9736 -0.0001 -0.2283
vn 0.9622 0.0008 -0.2725
vn 0.9411 -0.0003 -0.3382
vn 0.9109 0.0004 -0.4126
vn 0.8735 -0.0007 -0.4869
vn 0.8314 0.0012 -0.5556
vn 0.7911 -0.0003 -0.6117
vn 0.7476 0.0006 -0.6642
vn 0.7006 -0.0001 -0.7136
vn 0.6494 0.0002 -0.7604
vn 0.6012 -0.0000 -0.7991
vn 0.5487 -0.0007 -0.8360
vn 0.4815 0.0008 -0.8764
vn 0.4158 -0.0005 -0.9095
vn 0.3491 0.0010 -0.9371
vn 0.2780 -0.0007 -0.9606
vn 0.1970 0.0003 -0.9804
vn 0.1197 -0.0002 -0.9928
vn 0.0405 -0.0000 -0.9992
vn 0.0747 0.0021 -0.9972
vn 0.2225 0.0024 -0.9749
vn 0.3653 0.0027 -0.9309
vn 0.5000 0.0030 -0.8660
vn 0.6235 0.0021 -0.7818
vn 0.7330 0.0022 -0.6802
vn 0.8262 0.0020 -0.5633
vn 0.9010 0.0024 -0.4339
vn 0.9556 0.0026 -0.2948
vn 0.9888 0.0026 -0.1490
vn 1.0000 0.0026 -0.0000
vn 0.9888 0.0025 0.1490
vn 0.9556 0.0023 0.2948
vn 0.9010 0.0025 0.4339
vn 0.8262 0.0023 0.5633
vn 0.7330 0.0020 0.6802
vn 0.6235 0.0019 0.7818
vn 0.5000 0.0015 0.8660
vn 0.3653 0.0013 0.9309
vn 0.2225 0.0015 0.9749
vn 0.0747 0.0012 0.9972
vn -0.0747 -0.0000 0.9972
vn -0.2225 -0.0000 0.9749
vn -0.3653 -0.0000 0.9309
vn -0.5000 -0.0000 0.8660
vn -0.6235 -0.0000 0.7818
vn -0.7331 -0.0000 0.6802
vn -0.8262 -0.0000 0.5634
vn -0.9009 -0.0000 0.4339
vn -0.9556 -0.0000 0.2946
vn -0.9888 -0.0000 0.1491
vn -1.0000 -0.0000 -0.0000
vn -0.9888 -0.0000 -0.1491
vn -0.9556 -0.0000 -0.2946
vn -0.9009 -0.0000 -0.4339
vn -0.8262 -0.0000 -0.5633
vn -0.7331 -0.0000 -0.6802
vn -0.6235 -0.0000 -0.7818
vn -0.5000 -0.0000 -0.8660
vn -0.3653 0.0012 -0.9309
vn -0.2225 0.0015 -0.9749
vn -0.0747 0.0018 -0.9972
vn -0.0421 -0.0000 -0.9991
vn -0.1223 -0.0002 -0.9925
vn -0.1866 0.0002 -0.9824
vn -0.2349 0.0009 -0.9720
vn -0.2752 -0.0000 -0.9614
vn -0.3123 -0.0000 -0.9500
vn -0.3440 0.0006 -0.9390
vn -0.3688 0.0011 -0.9295
vn -0.3856 0.0006 -0.9227
vn -0.3993 0.0003 -0.9168
vn -0.4092 0.0001 -0.9125
vn -0.4171 0.0001 -0.9088
vn -0.4233 -0.0000 -0.9060
vn -0.4268 -0.0000 -0.9044
vn -0.4293 -0.0000 -0.9032
vn -0.4278 -0.0000 -0.9039
vn -0.4249 -0.0000 -0.9053
vn -0.4199 -0.0000 -0.9076
vn -0.4114 -0.0001 -0.9114
vn -0.4013 -0.0003 -0.9160
vn -0.3895 -0.0005 -0.9210
vn -0.3720 -0.0010 -0.9282
vn -0.3436 -0.0005 -0.9391
vn -0.2980 0.0002 -0.9546
vn -0.2530 -0.0004 -0.9675
vn -0.2018 -0.0005 -0.9794
vn -0.1304 0.0003 -0.9915
vn -0.0473 -0.0000 -0.9989
vn -0.0747 -0.0016 -0.9972
vn -0.2225 -0.0015 -0.9749
vn -0.3653 -0.0012 -0.9309
vn 0.0747 -0.0012 0.9972
vn 0.2225 -0.0015 0.9749
vn 0.3653 -0.0017 0.9309
vn 0.5000 -0.0018 0.8660
vn 0.6235 -0.0016 0.7818
vn 0.7330 -0.0022 0.6802
vn 0.8262 -0.0024 0.5633
vn 0.9010 -0.0024 0.4339
vn 0.9556 -0.0024 0.2948
vn 0.9888 -0.0026 0.1490
vn 1.0000 -0.0027 -0.0000
vn 0.9888 -0.0024 -0.1490
vn 0.9556 -0.0026 -0.2948
vn 0.9010 -0.0022 -0.4339
vn 0.8262 -0.0021 -0.5633
vn 0.7330 -0.0017 -0.6802
vn 0.6235 -0.0018 -0.7818
vn 0.5000 -0.0029 -0.8660
vn 0.3653 -0.0028 -0.9309
vn 0.2225 -0.0024 -0.9749
vn 0.0747 -0.0021 -0.9972
vn 0.0011 -0.0000 -1.0000
vn 0.0364 -0.0001 -0.9993
vn 0.1074 -0.0001 -0.9942
vn 0.1798 0.0001 -0.9837
vn 0.2519 -0.0002 -0.9678
vn 0.3248 0.0002 -0.9458
vn 0.3905 -0.0006 -0.9206
vn 0.4526 0.0004 -0.8917
vn 0.5329 0.0012 -0.8462
vn 0.6211 -0.0016 -0.7837
vn 0.6116 0.0013 -0.7912
vn -0.4313 -0.0000 -0.9022
vn -0.6908 0.7194 -0.0726
vn -0.6859 0.7273 -0.0252
vn -0.6716 0.7409 -0.0032
vn -0.6522 0.7580 0.0015
vn -0.6264 0.7795 -0.0060
vn -0.6062 0.7953 -0.0064
vn -0.5913 0.8064 -0.0013
vn -0.5756 0.8177 0.0002
vn -0.5605 0.8281 -0.0003
vn -0.5468 0.8372 -0.0018
vn -0.5358 0.8443 -0.0033
vn -0.5276 0.8495 -0.0038
vn -0.5241 0.8517 -0.0029
vn -0.5218 0.8531 -0.0024
vn -0.5187 0.8550 -0.0018
vn -0.5142 0.8577 -0.0009
vn -0.5093 0.8606 -0.0000
vn -0.5307 0.8476 0.0001
vn -0.5338 0.8456 0.0001
vn -0.5355 0.8446 0.0001
vn -0.5386 0.8426 0.0001
vn -0.5420 0.8404 0.0001
vn -0.5470 0.8371 -0.0000
vn -0.5569 0.8306 -0.0000
vn -0.5709 0.8210 -0.0000
vn -0.5897 0.8076 0.0002
vn -0.6092 0.7930 0.0002
vn -0.6252 0.7805 -0.0000
vn -0.6413 0.7673 -0.0000
vn -0.6628 0.7488 0.0001
vn -0.6876 0.7261 0.0002
vn -0.7129 0.7012 -0.0000
vn -0.7384 0.6744 0.0001
vn -0.7660 0.6429 -0.0000
vn -0.7968 0.6042 -0.0000
vn -0.8284 0.5601 -0.0000
vn -0.8565 0.5162 -0.0000
vn -0.8771 0.4804 0.0002
vn -0.8889 0.4581 -0.0000
vn -0.9014 0.4330 -0.0000
vn -0.9173 0.3981 0.0003
vn -0.9311 0.3647 -0.0000
vn -0.9452 0.3265 -0.0000
vn -0.9573 0.2892 0.0002
vn -0.9672 0.2540 -0.0001
vn -0.9774 0.2114 0.0002
vn -0.9867 0.1627 -0.0001
vn -0.9931 0.1176 0.0002
vn -0.9969 0.0787 0.0001
vn -0.9994 0.0360 -0.0000
vn -1.0000 0.0054 0.0003
vn -0.9997 -0.0247 -0.0000
vn -0.9974 -0.0726 -0.0000
vn -0.9922 -0.1250 -0.0000
vn -0.9851 -0.1720 -0.0000
vn -0.9774 -0.2115 0.0003
vn -0.9678 -0.2518 -0.0001
vn -0.9556 -0.2947 0.0002
vn -0.9437 -0.3308 -0.0000
vn -0.9309 -0.3653 -0.0000
vn -0.9157 -0.4019 0.0003
vn -0.9016 -0.4326 -0.0000
vn -0.8871 -0.4617 -0.0000
vn -0.8661 -0.4999 0.0002
vn -0.8388 -0.5444 -0.0001
vn -0.8113 -0.5847 0.0002
vn -0.7855 -0.6188 -0.0001
vn -0.7611 -0.6487 0.0001
vn -0.7362 -0.6767 0.0001
vn -0.7099 -0.7043 -0.0000
vn -0.6849 -0.7286 0.0003
vn -0.6652 -0.7467 0.0001
vn -0.6464 -0.7630 -0.0000
vn -0.6264 -0.7795 -0.0000
vn -0.6060 -0.7955 0.0003
vn -0.5856 -0.8106 0.0001
vn -0.5691 -0.8223 -0.0000
vn -0.5568 -0.8306 -0.0000
vn -0.5481 -0.8364 -0.0000
vn -0.5432 -0.8396 -0.0000
vn -0.5392 -0.8422 0.0001
vn -0.5364 -0.8440 0.0001
vn -0.5342 -0.8454 0.0001
vn -0.5317 -0.8469 0.0001
vn -0.5109 -0.8596 0.0002
vn -0.5144 -0.8576 -0.0009
vn -0.5190 -0.8547 -0.0018
vn -0.5216 -0.8532 -0.0024
vn -0.5247 -0.8513 -0.0031
vn -0.5288 -0.8488 -0.0041
vn -0.5452 -0.8383 -0.0019
vn -0.5615 -0.8275 -0.0002
vn -0.5773 -0.8165 0.0002
vn -0.5922 -0.8058 -0.0015
vn -0.6062 -0.7953 -0.0064
vn -0.6282 -0.7780 -0.0051
vn -0.6577 -0.7533 0.0024
vn -0.6796 -0.7335 -0.0097
vn -0.6916 -0.7202 -0.0556
vn -0.6141 -0.7891 -0.0122
vn -0.5290 -0.8486 -0.0042
vn -0.4383 -0.8988 -0.0002
vn -0.3428 -0.9394 -0.0002
vn -0.2435 -0.9699 -0.0002
vn -0.1417 -0.9899 -0.0002
vn -0.0384 -0.9993 -0.0001
vn 0.0654 -0.9979 -0.0001
vn 0.1684 -0.9857 -0.0001
vn 0.2697 -0.9629 -0.0001
vn 0.3680 -0.9298 -0.0001
vn 0.4624 -0.8867 -0.0001
vn 0.5518 -0.8340 -0.0001
vn 0.6353 -0.7723 -0.0001
vn 0.7119 -0.7023 -0.0001
vn 0.7808 -0.6248 -0.0001
vn 0.8414 -0.5405 -0.0001
vn 0.8928 -0.4504 -0.0001
vn 0.9347 -0.3554 -0.0000
vn 0.9665 -0.2567 -0.0000
vn 0.9879 -0.1551 -0.0000
vn 0.9987 -0.0519 -0.0000
vn 0.9987 -0.0515 -0.0000
vn 0.9881 -0.1539 -0.0000
vn 0.9670 -0.2547 -0.0000
vn 0.9357 -0.3528 -0.0000
vn 0.8945 -0.4471 -0.0000
vn 0.8438 -0.5367 0.0001
vn 0.7841 -0.6206 0.0001
vn 0.7162 -0.6979 0.0001
vn 0.6406 -0.7679 0.0001
vn 0.5582 -0.8297 0.0001
vn 0.4700 -0.8827 0.0001
vn 0.3767 -0.9263 0.0001
vn 0.2795 -0.9602 0.0001
vn 0.1793 -0.9838 0.0001
vn 0.0772 -0.9970 0.0001
vn -0.0257 -0.9997 0.0001
vn -0.1284 -0.9917 0.0001
vn -0.2297 -0.9733 0.0002
vn -0.3285 -0.9445 0.0002
vn -0.4239 -0.9057 0.0002
vn -0.5148 -0.8573 0.0003
vn -0.6002 -0.7998 0.0004
vn -0.6793 -0.7339 0.0004
vn -0.7511 -0.6602 0.0004
vn -0.8150 -0.5794 0.0004
vn -0.8703 -0.4925 0.0004
vn -0.9163 -0.4005 0.0004
vn -0.9526 -0.3041 0.0004
vn -0.9789 -0.2046 0.0004
vn -0.9947 -0.1028 0.0004
vn -1.0000 -0.0000 0.0004
vn -0.9947 0.1028 0.0004
vn -0.9789 0.2046 0.0004
vn -0.9526 0.3041 0.0004
vn -0.9163 0.4005 0.0004
vn -0.8703 0.4925 0.0004
vn -0.8150 0.5794 0.0004
vn -0.7511 0.6602 0.0004
vn -0.6793 0.7339 0.0004
vn -0.6002 0.7998 0.0004
vn -0.5148 0.8573 0.0003
vn -0.4239 0.9057 0.0002
vn -0.3285 0.9445 0.0002
vn -0.2297 0.9733 0.0002
vn -0.1284 0.9917 0.0001
vn -0.0257 0.9997 0.0001
vn 0.0772 0.9970 0.0001
vn 0.1793 0.9838 0.0001
vn 0.2795 0.9602 0.0001
vn 0.3767 0.9263 0.0001
vn 0.4700 0.8827 0.0001
vn 0.5582 0.8297 0.0001
vn 0.6406 0.7679 0.0001
vn 0.7162 0.6979 0.0001
vn 0.7841 0.6206 0.0001
vn 0.8438 0.5367 0.0001
vn 0.8945 0.4471 -0.0000
vn 0.9357 0.3528 -0.0000
vn 0.9670 0.2547 -0.0000
vn 0.9881 0.1539 -0.0000
vn 0.9987 0.0515 -0.0000
vn 0.9987 0.0519 -0.0000
vn 0.9879 0.1551 -0.0000
vn 0.9665 0.2567 -0.0000
vn 0.9347 0.3554 -0.0000
vn 0.8928 0.4504 -0.0001
vn 0.8414 0.5405 -0.0001
vn 0.7808 0.6248 -0.0001
vn 0.7119 0.7023 -0.0001
vn 0.6353 0.7723 -0.0001
vn 0.5518 0.8340 -0.0001
vn 0.4624 0.8867 -0.0001
vn 0.3680 0.9298 -0.0001
vn 0.2697 0.9629 -0.0001
vn 0.1684 0.9857 -0.0001
vn 0.0654 0.9979 -0.0001
vn -0.0384 0.9993 -0.0001
vn -0.1417 0.9899 -0.0002
vn -0.2435 0.9699 -0.0002
vn -0.3428 0.9394 -0.0002
vn -0.4383 0.8988 -0.0002
vn -0.5290 0.8486 -0.0042
vn -0.6141 0.7891 -0.0122
vn -0.5082 0.8612 0.0001
vn -0.5082 -0.8612 0.0001
vn -0.0000 1.0000 -0.0000
vn -0.0001 -0.0000 1.0000
vn 0.0848 -0.0000 -0.9964
vn 0.2520 -0.0000 -0.9677
vn 0.4119 -0.0000 -0.9112
vn 0.5600 -0.0000 -0.8285
vn 0.6919 -0.0000 -0.7220
vn 0.8040 -0.0000 -0.5946
vn 0.8929 -0.0000 -0.4502
vn 0.9562 -0.0000 -0.2928
vn 0.9919 -0.0000 -0.1270
vn 0.9991 -0.0000 0.0424
vn 0.9776 -0.0000 0.2107
vn 0.9279 -0.0000 0.3729
vn 0.8515 -0.0000 0.5243
vn 0.7507 -0.0000 0.6607
vn 0.6282 -0.0000 0.7780
vn 0.4877 -0.0000 0.8730
vn 0.3331 -0.0000 0.9429
vn 0.1690 -0.0000 0.9856
vn -0.1690 -0.0000 0.9856
vn -0.3331 -0.0000 0.9429
vn -0.4877 -0.0000 0.8730
vn -0.6282 -0.0000 0.7780
vn -0.7507 -0.0000 0.6607
vn -0.8516 -0.0000 0.5243
vn -0.9278 -0.0000 0.3730
vn -0.9776 -0.0000 0.2106
vn -0.9991 -0.0000 0.0424
vn -0.9919 -0.0000 -0.1270
vn -0.9562 -0.0000 -0.2927
vn -0.8929 -0.0000 -0.4502
vn -0.8040 -0.0000 -0.5946
vn -0.6919 -0.0000 -0.7220
vn -0.5600 -0.0000 -0.8285
vn -0.4119 -0.0000 -0.9112
vn -0.2520 -0.0000 -0.9677
vn -0.0848 -0.0000 -0.9964
vn -0.0896 -0.0000 0.9960
vn -0.2660 -0.0000 0.9640
vn -0.4339 -0.0000 0.9010
vn -0.5878 -0.0000 0.8090
vn -0.7228 -0.0000 0.6911
vn -0.8346 -0.0000 0.5509
vn -0.9195 -0.0000 0.3930
vn -0.9749 -0.0000 0.2225
vn -0.9990 -0.0000 0.0449
vn -0.9910 -0.0000 -0.1342
vn -0.9511 -0.0000 -0.3090
vn -0.8806 -0.0000 -0.4739
vn -0.7818 -0.0000 -0.6235
vn -0.6579 -0.0000 -0.7531
vn -0.5129 -0.0000 -0.8584
vn -0.3514 -0.0000 -0.9362
vn -0.1786 -0.0000 -0.9839
vn 0.1786 -0.0000 -0.9839
vn 0.3514 -0.0000 -0.9362
vn 0.5129 -0.0000 -0.8584
vn 0.6579 -0.0000 -0.7531
vn 0.7818 -0.0000 -0.6235
vn 0.8806 -0.0000 -0.4739
vn 0.9511 -0.0000 -0.3090
vn 0.9910 -0.0000 -0.1342
vn 0.9990 -0.0000 0.0449
vn 0.9749 -0.0000 0.2225
vn 0.9195 -0.0000 0.3930
vn 0.8346 -0.0000 0.5509
vn 0.7228 -0.0000 0.6911
vn 0.5878 -0.0000 0.8090
vn 0.4339 -0.0000 0.9010
vn 0.2660 -0.0000 0.9640
vn 0.0896 -0.0000 0.9960
vt 0.546834 0.002198
vt 0.500000 0.000000
vt 0.531036 0.112413
vt 0.453166 0.002198
vt 0.489645 0.111310
vt 0.406744 0.008774
vt 0.448370 0.114615
vt 0.361142 0.019668
vt 0.407681 0.122289
vt 0.316760 0.034786
vt 0.368038 0.134246
vt 0.273988 0.053995
vt 0.329889 0.150350
vt 0.233202 0.077126
vt 0.293668 0.170419
vt 0.194761 0.103976
vt 0.159003 0.134308
vt 0.259786 0.194226
vt 0.126241 0.167857
vt 0.228624 0.221499
vt 0.096763 0.204326
vt 0.200538 0.251932
vt 0.070829 0.243397
vt 0.175844 0.285179
vt 0.048668 0.284725
vt 0.154824 0.320862
vt 0.030472 0.327947
vt 0.137714 0.358579
vt 0.016402 0.372684
vt 0.124709 0.397901
vt 0.006583 0.418541
vt 0.115957 0.438383
vt 0.001099 0.465117
vt 0.000000 0.512003
vt 0.111556 0.479566
vt 0.003295 0.558785
vt 0.111556 0.520984
vt 0.010955 0.605052
vt 0.115957 0.562167
vt 0.022913 0.650400
vt 0.124709 0.602649
vt 0.039063 0.694428
vt 0.137714 0.641971
vt 0.059264 0.736749
vt 0.154824 0.679687
vt 0.083338 0.776992
vt 0.175844 0.715371
vt 0.111074 0.814804
vt 0.142228 0.849851
vt 0.200538 0.748617
vt 0.176526 0.881827
vt 0.228624 0.779050
vt 0.213667 0.910450
vt 0.259786 0.806324
vt 0.253324 0.935467
vt 0.293668 0.830131
vt 0.295149 0.956661
vt 0.329889 0.850200
vt 0.338774 0.973843
vt 0.368038 0.866304
vt 0.383815 0.986864
vt 0.407681 0.878261
vt 0.429879 0.995608
vt 0.476557 1.000000
vt 0.448370 0.885935
vt 0.523443 1.000000
vt 0.489645 0.889240
vt 0.570121 0.995608
vt 0.531036 0.888137
vt 0.616185 0.986864
vt 0.572076 0.882640
vt 0.661226 0.973843
vt 0.612300 0.872810
vt 0.704851 0.956661
vt 0.651251 0.858760
vt 0.746676 0.935467
vt 0.688488 0.840647
vt 0.786333 0.910450
vt 0.723590 0.818679
vt 0.823474 0.881827
vt 0.857772 0.849851
vt 0.756158 0.793102
vt 0.888926 0.814804
vt 0.785824 0.764208
vt 0.916662 0.776992
vt 0.812251 0.732323
vt 0.940736 0.736749
vt 0.835141 0.697809
vt 0.960937 0.694428
vt 0.854233 0.661057
vt 0.977087 0.650400
vt 0.869311 0.622483
vt 0.989045 0.605052
vt 0.880205 0.582525
vt 0.996705 0.558785
vt 1.000000 0.512003
vt 0.886792 0.541634
vt 0.998901 0.465117
vt 0.888996 0.500275
vt 0.993417 0.418541
vt 0.886792 0.458916
vt 0.983598 0.372684
vt 0.880205 0.418025
vt 0.969528 0.327947
vt 0.869311 0.378067
vt 0.951332 0.284725
vt 0.854233 0.339493
vt 0.929171 0.243397
vt 0.835141 0.302741
vt 0.903237 0.204326
vt 0.812251 0.268227
vt 0.873759 0.167857
vt 0.840997 0.134308
vt 0.785824 0.236342
vt 0.805239 0.103976
vt 0.756158 0.207447
vt 0.766798 0.077126
vt 0.723590 0.181871
vt 0.726012 0.053995
vt 0.688488 0.159902
vt 0.683240 0.034786
vt 0.651251 0.141790
vt 0.638858 0.019668
vt 0.612300 0.127740
vt 0.593256 0.008774
vt 0.572076 0.117910
vt 0.500000 1.000000
vt 0.446834 0.997165
vt 0.394271 0.988693
vt 0.342906 0.974681
vt 0.293320 0.955285
vt 0.246077 0.930728
vt 0.201711 0.901286
vt 0.160724 0.867293
vt 0.123581 0.829135
vt 0.090704 0.787243
vt 0.062464 0.742093
vt 0.039181 0.694195
vt 0.021120 0.644094
vt 0.008484 0.592355
vt 0.001418 0.539567
vt 0.000000 0.486326
vt 0.004248 0.433236
vt 0.014113 0.380898
vt 0.029483 0.329906
vt 0.050184 0.280837
vt 0.075983 0.234247
vt 0.106585 0.190664
vt 0.141644 0.150582
vt 0.180765 0.114455
vt 0.223502 0.082693
vt 0.269372 0.055655
vt 0.317855 0.033647
vt 0.368402 0.016919
vt 0.420440 0.005661
vt 0.473379 0.000000
vt 0.526621 0.000000
vt 0.579560 0.005661
vt 0.631598 0.016919
vt 0.682145 0.033647
vt 0.730628 0.055655
vt 0.776498 0.082693
vt 0.819235 0.114455
vt 0.858356 0.150582
vt 0.893415 0.190664
vt 0.924017 0.234247
vt 0.949816 0.280837
vt 0.970517 0.329906
vt 0.985887 0.380898
vt 0.995752 0.433236
vt 1.000000 0.486326
vt 0.998582 0.539567
vt 0.991516 0.592355
vt 0.978880 0.644094
vt 0.960819 0.694195
vt 0.937536 0.742093
vt 0.909296 0.787243
vt 0.876419 0.829135
vt 0.839276 0.867293
vt 0.798289 0.901286
vt 0.753923 0.930728
vt 0.706680 0.955285
vt 0.657094 0.974681
vt 0.605729 0.988693
vt 0.553166 0.997165
vt 0.765751 0.076467
vt 0.803799 0.102873
vt 0.776566 0.083449
vt 0.822904 0.118247
vt 0.814357 0.111177
vt 0.834631 0.128483
vt 0.846743 0.139761
vt 0.849384 0.142323
vt 0.860437 0.153464
vt 0.874933 0.169202
vt 0.881343 0.176612
vt 0.888568 0.185331
vt 0.902939 0.203956
vt 0.916221 0.222941
vt 0.909949 0.213743
vt 0.916667 0.223612
vt 0.935037 0.253537
vt 0.934953 0.253389
vt 0.949198 0.280404
vt 0.962158 0.309184
vt 0.956135 0.295203
vt 0.969173 0.327150
vt 0.973308 0.338816
vt 0.980223 0.360764
vt 0.986018 0.382582
vt 0.986322 0.383846
vt 0.990520 0.403096
vt 0.993384 0.418931
vt 0.995061 0.429897
vt 0.995451 0.432702
vt 0.997563 0.450696
vt 0.998891 0.466717
vt 0.999451 0.476564
vt 0.999563 0.479093
vt 1.000000 0.499737
vt 0.999917 0.509135
vt 0.999451 0.523436
vt 0.999387 0.524742
vt 0.998434 0.539534
vt 0.996888 0.555696
vt 0.995061 0.570103
vt 0.995188 0.569201
vt 0.992821 0.584424
vt 0.989442 0.602209
vt 0.986322 0.616154
vt 0.985724 0.618625
vt 0.980622 0.637850
vt 0.974135 0.658734
vt 0.973308 0.661184
vt 0.966192 0.680736
vt 0.957695 0.701286
vt 0.956135 0.704797
vt 0.948007 0.722016
vt 0.933008 0.750010
vt 0.934953 0.746611
vt 0.916667 0.776388
vt 0.900911 0.798784
vt 0.909949 0.786257
vt 0.886034 0.817772
vt 0.881343 0.823388
vt 0.870609 0.835635
vt 0.854959 0.852146
vt 0.849384 0.857677
vt 0.842353 0.864414
vt 0.829536 0.876044
vt 0.816472 0.887102
vt 0.814357 0.888823
vt 0.803799 0.897127
vt 0.765751 0.923533
vt 0.776566 0.916551
vt 0.725423 0.946306
vt 0.736344 0.940619
vt 0.683161 0.965249
vt 0.694046 0.960815
vt 0.639328 0.980200
vt 0.650042 0.976961
vt 0.594299 0.991032
vt 0.604720 0.988915
vt 0.548461 0.997651
vt 0.558478 0.996573
vt 0.502208 1.000000
vt 0.511721 0.999868
vt 0.455935 0.998059
vt 0.464862 0.998769
vt 0.410041 0.991845
vt 0.418311 0.993287
vt 0.364918 0.981412
vt 0.372479 0.983470
vt 0.320954 0.966848
vt 0.327767 0.969404
vt 0.278527 0.948278
vt 0.284568 0.951213
vt 0.237999 0.925863
vt 0.243263 0.929057
vt 0.199720 0.899794
vt 0.204214 0.903130
vt 0.164017 0.870295
vt 0.167764 0.873660
vt 0.131196 0.837618
vt 0.134234 0.840907
vt 0.101540 0.802045
vt 0.103919 0.805158
vt 0.075302 0.763881
vt 0.077084 0.766727
vt 0.052708 0.723452
vt 0.053966 0.725952
vt 0.033952 0.681107
vt 0.034767 0.683192
vt 0.019194 0.637208
vt 0.019657 0.638821
vt 0.008561 0.592131
vt 0.008769 0.593231
vt 0.002145 0.546264
vt 0.002197 0.546821
vt 0.000000 0.500000
vt 0.736344 0.059381
vt 0.694046 0.039185
vt 0.725423 0.053694
vt 0.650042 0.023039
vt 0.683161 0.034751
vt 0.604720 0.011085
vt 0.639328 0.019800
vt 0.558478 0.003427
vt 0.594299 0.008968
vt 0.511721 0.000132
vt 0.548461 0.002349
vt 0.464862 0.001231
vt 0.502208 0.000000
vt 0.418311 0.006713
vt 0.455935 0.001941
vt 0.372479 0.016530
vt 0.410041 0.008155
vt 0.327767 0.030596
vt 0.364918 0.018588
vt 0.284568 0.048787
vt 0.320954 0.033152
vt 0.243263 0.070943
vt 0.278527 0.051722
vt 0.204214 0.096870
vt 0.237999 0.074137
vt 0.167764 0.126340
vt 0.199720 0.100206
vt 0.134234 0.159093
vt 0.164017 0.129705
vt 0.103919 0.194842
vt 0.131196 0.162382
vt 0.077084 0.233273
vt 0.101540 0.197955
vt 0.053966 0.274048
vt 0.075302 0.236119
vt 0.034767 0.316808
vt 0.052708 0.276548
vt 0.019657 0.361179
vt 0.033952 0.318893
vt 0.008769 0.406769
vt 0.019194 0.362793
vt 0.002197 0.453179
vt 0.008561 0.407869
vt 0.002145 0.453736
vt 0.142589 0.907143
vt 0.243354 0.907143
vt 0.231760 0.881920
vt 0.221523 0.853247
vt 0.000000 0.866526
vt 0.212648 0.821399
vt 0.000000 0.811745
vt 0.206253 0.792640
vt 0.200766 0.762316
vt 0.000000 0.750000
vt 0.195900 0.728969
vt 0.191603 0.691509
vt 0.000000 0.682670
vt 0.188055 0.650566
vt 0.185657 0.612446
vt 0.000000 0.611260
vt 0.184582 0.589404
vt 0.183687 0.563620
vt 0.183325 0.549336
vt 0.000000 0.537366
vt 0.183028 0.533084
vt 0.182787 0.502433
vt 0.182810 0.489586
vt 0.000000 0.462634
vt 0.183029 0.466834
vt 0.183452 0.445246
vt 0.183848 0.430980
vt 0.184710 0.407514
vt 0.000000 0.388740
vt 0.185586 0.388897
vt 0.187127 0.362719
vt 0.189911 0.326454
vt 0.000000 0.317330
vt 0.193403 0.291600
vt 0.198809 0.250209
vt 0.000000 0.250000
vt 0.204761 0.215006
vt 0.210689 0.186796
vt 0.000000 0.188256
vt 0.217088 0.161693
vt 0.223010 0.142124
vt 0.000000 0.133474
vt 0.230684 0.120773
vt 0.241186 0.097100
vt 0.000000 0.086880
vt 0.251389 0.078720
vt 0.262233 0.062963
vt 0.273706 0.049577
vt 0.000000 0.049516
vt 0.287946 0.036590
vt 0.303892 0.025681
vt 0.000000 0.022214
vt 0.321353 0.017033
vt 0.332476 0.012903
vt 0.343075 0.009763
vt 0.000000 0.005584
vt 0.355545 0.006884
vt 0.370557 0.004356
vt 0.381353 0.003039
vt 0.397681 0.001656
vt 0.413537 0.000834
vt 0.000000 0.000000
vt 0.427877 0.000400
vt 0.443168 0.000153
vt 0.463137 0.000027
vt 0.482440 0.000001
vt 0.499059 0.000000
vt 0.504923 0.000000
vt 1.000000 0.000000
vt 0.522059 0.000003
vt 0.536939 0.000027
vt 0.551262 0.000101
vt 0.570737 0.000370
vt 0.587738 0.000886
vt 0.602722 0.001683
vt 0.614138 0.002591
vt 1.000000 0.005584
vt 0.630626 0.004523
vt 0.642848 0.006569
vt 0.655668 0.009436
vt 0.669051 0.013416
vt 0.674548 0.015401
vt 1.000000 0.022214
vt 0.685645 0.020147
vt 0.701401 0.028940
vt 0.718503 0.042037
vt 1.000000 0.049516
vt 0.734482 0.058821
vt 0.747533 0.076996
vt 1.000000 0.086880
vt 0.758104 0.095689
vt 0.767771 0.116929
vt 0.776667 0.141143
vt 1.000000 0.133474
vt 0.784828 0.168726
vt 0.790613 0.192524
vt 1.000000 0.188256
vt 0.794695 0.212170
vt 0.799888 0.241753
vt 1.000000 0.250000
vt 0.805672 0.283644
vt 0.810019 0.325671
vt 1.000000 0.317330
vt 0.812965 0.364116
vt 0.814826 0.397196
vt 1.000000 0.388740
vt 0.815460 0.411609
vt 0.816274 0.435003
vt 0.816753 0.454380
vt 1.000000 0.462634
vt 0.816985 0.467790
vt 0.817204 0.492989
vt 0.817194 0.509629
vt 1.000000 0.537366
vt 0.817084 0.524244
vt 0.816607 0.552276
vt 0.816271 0.565054
vt 0.815744 0.581034
vt 0.814634 0.606757
vt 1.000000 0.611260
vt 0.813845 0.621527
vt 0.811932 0.650747
vt 0.808818 0.687254
vt 1.000000 0.682670
vt 0.804628 0.724850
vt 0.799322 0.761777
vt 1.000000 0.750000
vt 0.793666 0.793040
vt 0.788065 0.818472
vt 1.000000 0.811745
vt 0.780991 0.844997
vt 0.773448 0.868229
vt 1.000000 0.866526
vt 0.764109 0.891660
vt 0.756646 0.907143
vt 0.857410 0.907143
vt 0.848388 0.928509
vt 1.000000 0.913119
vt 0.838436 0.946992
vt 1.000000 0.950484
vt 0.827969 0.962043
vt 0.816928 0.974153
vt 1.000000 0.977786
vt 0.802068 0.985771
vt 0.785992 0.993757
vt 1.000000 0.994415
vt 0.768903 0.998356
vt 0.748747 1.000000
vt 1.000000 1.000000
vt 0.000000 0.913119
vt 0.000000 0.950484
vt 0.606762 0.967404
vt 0.681156 0.988743
vt 0.725007 0.998231
vt 0.699812 0.993463
vt 0.662661 0.983510
vt 0.642859 0.977663
vt 0.624064 0.972180
vt 0.591987 0.963659
vt 0.575980 0.960057
vt 0.562280 0.957418
vt 0.550125 0.955463
vt 0.535581 0.953641
vt 0.522268 0.952498
vt 0.508222 0.951856
vt 0.499763 0.951754
vt 0.481183 0.952286
vt 0.470046 0.953096
vt 0.455627 0.954673
vt 0.439432 0.957120
vt 0.427039 0.959438
vt 0.412787 0.962531
vt 0.394325 0.967117
vt 0.374689 0.972537
vt 0.000000 0.977786
vt 0.344436 0.981425
vt 0.328267 0.986124
vt 0.302366 0.992953
vt 0.000000 0.994415
vt 0.278185 0.997764
vt 0.251253 1.000000
vt 0.000000 1.000000
vt 0.156426 0.938029
vt 0.175789 0.966552
vt 0.202285 0.988348
vt 0.233563 0.998752
vt 0.250649 0.999999
vt 0.216801 0.994752
vt 0.188120 0.978638
vt 0.165638 0.953321
vt 0.102873 1.000000
vt 0.184887 0.961200
vt 0.214835 1.000000
vt 0.158332 0.918747
vt 0.076467 0.952664
vt 0.135456 0.873099
vt 0.053694 0.902493
vt 0.116506 0.824748
vt 0.034751 0.849915
vt 0.101686 0.774214
vt 0.019800 0.795383
vt 0.091155 0.722041
vt 0.002349 0.682336
vt 0.085027 0.668792
vt 0.000000 0.624793
vt 0.083367 0.615039
vt 0.001941 0.567225
vt 0.086194 0.561362
vt 0.008155 0.510128
vt 0.093477 0.508337
vt 0.018588 0.453992
vt 0.105138 0.456538
vt 0.033152 0.399297
vt 0.121051 0.406521
vt 0.051722 0.346513
vt 0.141045 0.358825
vt 0.074137 0.296093
vt 0.164904 0.313963
vt 0.100206 0.248470
vt 0.192371 0.272420
vt 0.162382 0.163220
vt 0.223152 0.234641
vt 0.197955 0.126325
vt 0.256913 0.201033
vt 0.236119 0.093683
vt 0.293293 0.171960
vt 0.276548 0.065574
vt 0.331898 0.147733
vt 0.318893 0.042239
vt 0.372314 0.128614
vt 0.362793 0.023879
vt 0.414104 0.114808
vt 0.407869 0.010651
vt 0.456820 0.106465
vt 0.453736 0.002669
vt 0.500000 0.103674
vt 0.546264 0.002669
vt 0.543180 0.106465
vt 0.592131 0.010651
vt 0.585896 0.114808
vt 0.637208 0.023879
vt 0.627686 0.128614
vt 0.681107 0.042239
vt 0.668102 0.147733
vt 0.723452 0.065574
vt 0.706707 0.171960
vt 0.763881 0.093683
vt 0.743087 0.201033
vt 0.802045 0.126325
vt 0.776848 0.234641
vt 0.837618 0.163220
vt 0.807629 0.272420
vt 0.899794 0.248470
vt 0.835096 0.313963
vt 0.925863 0.296093
vt 0.858955 0.358825
vt 0.948278 0.346513
vt 0.878949 0.406521
vt 0.966848 0.399297
vt 0.894862 0.456538
vt 0.981412 0.453992
vt 0.906523 0.508337
vt 0.991845 0.510128
vt 0.913806 0.561362
vt 0.998059 0.567225
vt 0.916632 0.615039
vt 1.000000 0.624793
vt 0.914973 0.668792
vt 0.997651 0.682336
vt 0.908845 0.722041
vt 0.980200 0.795383
vt 0.898314 0.774214
vt 0.965249 0.849915
vt 0.883494 0.824748
vt 0.946306 0.902493
vt 0.864544 0.873099
vt 0.923533 0.952664
vt 0.841668 0.918747
vt 0.897127 1.000000
vt 0.815113 0.961200
vt 0.785165 1.000000
vt 0.991032 0.739363
vt 0.870295 0.204052
vt 0.129705 0.204052
vt 0.008968 0.739363
vt 1.000000 0.827134
vt 1.000000 0.864560
vt 0.996387 0.854956
vt 0.990920 0.842155
vt 0.985499 0.831111
vt 0.979310 0.820122
vt 0.973376 0.810942
vt 0.966081 0.801203
vt 1.000000 0.786186
vt 0.957465 0.791592
vt 0.948693 0.783649
vt 0.940174 0.777525
vt 0.933356 0.773665
vt 0.929910 0.772048
vt 0.923908 0.769752
vt 1.000000 0.742156
vt 0.920179 0.768651
vt 0.917198 0.767946
vt 0.910657 0.766942
vt 0.907247 0.766711
vt 0.903364 0.766690
vt 0.897484 0.767152
vt 0.000000 0.779123
vt 0.894355 0.767641
vt 0.889834 0.768648
vt 0.884375 0.770343
vt 0.881012 0.771653
vt 0.873294 0.775450
vt 0.864323 0.781309
vt 0.854517 0.789644
vt 0.844742 0.800200
vt 0.837840 0.809207
vt 0.000000 0.820298
vt 0.833256 0.816002
vt 0.827703 0.825230
vt 0.821267 0.837522
vt 0.815617 0.850045
vt 0.000000 0.858077
vt 0.810661 0.862724
vt 0.806299 0.875595
vt 0.802058 0.890199
vt 0.000000 0.892061
vt 0.798142 0.906354
vt 0.795086 0.921771
vt 0.000000 0.921889
vt 0.793034 0.934433
vt 0.791927 0.942535
vt 0.000000 0.947245
vt 0.791464 0.946313
vt 0.790535 0.954886
vt 0.789866 0.962303
vt 0.000000 0.967860
vt 0.789389 0.968686
vt 0.788938 0.976279
vt 0.788726 0.980877
vt 0.000000 0.983515
vt 0.788540 0.986123
vt 0.788420 0.991025
vt 0.788357 0.995307
vt 0.000000 0.994045
vt 0.788340 0.997569
vt 0.788334 0.999135
vt 0.000000 0.999339
vt 0.788333 0.999958
vt 0.788333 1.000000
vt 0.788334 0.999453
vt 0.788340 0.997579
vt 0.788369 0.994226
vt 0.788427 0.990667
vt 0.788528 0.986529
vt 0.788720 0.981029
vt 0.789042 0.974315
vt 0.789350 0.969269
vt 0.789940 0.961415
vt 0.790611 0.954117
vt 0.791344 0.947336
vt 0.792308 0.939617
vt 0.794326 0.926182
vt 0.796871 0.912384
vt 0.799901 0.898702
vt 0.803025 0.886650
vt 0.806701 0.874328
vt 0.810990 0.861824
vt 0.816514 0.847932
vt 0.821496 0.837052
vt 0.826062 0.828189
vt 0.831919 0.818119
vt 0.838501 0.808282
vt 0.846715 0.797872
vt 0.856373 0.787901
vt 0.864506 0.781174
vt 0.872968 0.775635
vt 0.879076 0.772501
vt 0.883420 0.770694
vt 0.888895 0.768902
vt 0.892224 0.768071
vt 0.897261 0.767182
vt 0.902570 0.766718
vt 0.905568 0.766670
vt 0.000000 0.734990
vt 0.912720 0.767179
vt 0.916512 0.767806
vt 0.919845 0.768564
vt 0.925861 0.770428
vt 0.931237 0.772645
vt 0.940132 0.777498
vt 0.949685 0.784462
vt 0.958426 0.792571
vt 0.966207 0.801358
vt 0.973283 0.810807
vt 0.979993 0.821259
vt 0.987424 0.834866
vt 0.994115 0.849406
vt 1.000000 0.695518
vt 1.000000 0.646776
vt 0.000000 0.688365
vt 1.000000 0.596452
vt 0.000000 0.639744
vt 1.000000 0.545090
vt 0.000000 0.589641
vt 1.000000 0.493242
vt 0.000000 0.538588
vt 1.000000 0.441467
vt 0.000000 0.487127
vt 1.000000 0.390322
vt 0.000000 0.435801
vt 1.000000 0.340358
vt 0.000000 0.385157
vt 1.000000 0.292114
vt 0.000000 0.335729
vt 1.000000 0.246108
vt 0.000000 0.288043
vt 1.000000 0.202836
vt 0.000000 0.242604
vt 1.000000 0.162765
vt 0.000000 0.199893
vt 1.000000 0.126325
vt 0.000000 0.160364
vt 1.000000 0.093908
vt 0.000000 0.124434
vt 1.000000 0.065865
vt 0.000000 0.092486
vt 1.000000 0.042497
vt 0.000000 0.064857
vt 1.000000 0.024056
vt 0.000000 0.041841
vt 1.000000 0.010739
vt 0.000000 0.023682
vt 1.000000 0.002692
vt 0.000000 0.010572
vt 0.000000 0.002650
vt 0.994415 0.425270
vt 1.000000 0.500001
vt 0.907143 0.500001
vt 0.994415 0.574731
vt 0.977786 0.647791
vt 0.901286 0.569001
vt 0.950484 0.717551
vt 0.883886 0.636017
vt 0.913119 0.782451
vt 0.855441 0.699119
vt 0.866526 0.841041
vt 0.816772 0.756494
vt 0.811745 0.892012
vt 0.768989 0.806490
vt 0.750000 0.934230
vt 0.713469 0.847668
vt 0.682670 0.966750
vt 0.651806 0.878847
vt 0.611260 0.988826
vt 0.537366 1.000000
vt 0.585777 0.899118
vt 0.462634 1.000000
vt 0.517280 0.907914
vt 0.388740 0.988826
vt 0.448286 0.904977
vt 0.317330 0.966750
vt 0.380780 0.890393
vt 0.250000 0.934230
vt 0.316703 0.864564
vt 0.188256 0.892012
vt 0.257900 0.828261
vt 0.133474 0.841041
vt 0.206061 0.782510
vt 0.086880 0.782451
vt 0.162679 0.728631
vt 0.049516 0.717551
vt 0.022214 0.647791
vt 0.129000 0.668174
vt 0.005584 0.574731
vt 0.105994 0.602880
vt 0.000000 0.500001
vt 0.094324 0.534626
vt 0.005584 0.425270
vt 0.094324 0.465375
vt 0.022214 0.352210
vt 0.105994 0.397121
vt 0.049516 0.282450
vt 0.129000 0.331827
vt 0.086880 0.217550
vt 0.162679 0.271371
vt 0.133474 0.158961
vt 0.188256 0.107988
vt 0.206061 0.217492
vt 0.250000 0.065773
vt 0.257900 0.171741
vt 0.317330 0.033257
vt 0.316703 0.135432
vt 0.388740 0.011168
vt 0.380780 0.109611
vt 0.462634 0.000000
vt 0.448286 0.095022
vt 0.537366 0.000000
vt 0.517280 0.092083
vt 0.611260 0.011168
vt 0.585777 0.100879
vt 0.682670 0.033257
vt 0.651806 0.121158
vt 0.750000 0.065773
vt 0.811745 0.107988
vt 0.713469 0.152333
vt 0.866526 0.158961
vt 0.768989 0.193512
vt 0.913119 0.217550
vt 0.816772 0.243507
vt 0.950484 0.282450
vt 0.855441 0.300882
vt 0.977786 0.352210
vt 0.883886 0.363984
vt 0.901286 0.431000
vt 0.551428 0.002652
vt 0.448572 0.002652
vt 0.299707 0.041869
vt 0.397690 0.010579
vt 0.347892 0.023698
vt 0.169814 0.124517
vt 0.253644 0.064900
vt 0.210193 0.092547
vt 0.099948 0.200025
vt 0.132935 0.160470
vt 0.071200 0.242764
vt 0.027598 0.335951
vt 0.046998 0.288234
vt 0.013206 0.385411
vt 0.000000 0.487449
vt 0.003974 0.436090
vt 0.001326 0.538945
vt 0.085024 0.779639
vt 0.007938 0.590032
vt 0.036684 0.688820
vt 0.019766 0.640167
vt 0.058514 0.735476
vt 0.276379 0.947871
vt 0.115932 0.820841
vt 0.231563 0.922499
vt 0.150912 0.858645
vt 0.189592 0.892652
vt 0.372622 0.984166
vt 0.323565 0.968500
vt 0.474252 1.000000
vt 0.423029 0.994703
vt 0.525748 1.000000
vt 0.576971 0.994703
vt 0.723621 0.947871
vt 0.627378 0.984166
vt 0.676435 0.968500
vt 0.768437 0.922499
vt 0.810408 0.892652
vt 0.884068 0.820841
vt 0.849088 0.858645
vt 0.941486 0.735476
vt 0.914976 0.779639
vt 0.963316 0.688820
vt 0.992062 0.590032
vt 0.980234 0.640167
vt 0.998674 0.538945
vt 0.986794 0.385411
vt 1.000000 0.487449
vt 0.996026 0.436090
vt 0.953002 0.288234
vt 0.972401 0.335951
vt 0.900052 0.200025
vt 0.928800 0.242764
vt 0.789807 0.092547
vt 0.867065 0.160470
vt 0.830186 0.124517
vt 0.746356 0.064900
vt 0.652108 0.023698
vt 0.700293 0.041869
vt 0.602310 0.010579
vt 0.500003 1.000000
vt 0.415426 0.992795
vt 0.333281 0.971387
vt 0.255934 0.936392
vt 0.185607 0.888818
vt 0.124325 0.830031
vt 0.073851 0.761725
vt 0.035638 0.685862
vt 0.010782 0.604628
vt 0.000000 0.520357
vt 0.003602 0.435474
vt 0.021484 0.352423
vt 0.053134 0.273589
vt 0.097639 0.201245
vt 0.153718 0.137469
vt 0.219761 0.084095
vt 0.293865 0.042661
vt 0.373899 0.014357
vt 0.457561 0.000000
vt 0.542445 0.000000
vt 0.626107 0.014357
vt 0.706140 0.042661
vt 0.780245 0.084095
vt 0.846287 0.137469
vt 0.902366 0.201245
vt 0.946864 0.273589
vt 0.978524 0.352423
vt 0.996400 0.435474
vt 1.000000 0.520357
vt 0.989218 0.604628
vt 0.964371 0.685862
vt 0.926154 0.761725
vt 0.875680 0.830031
vt 0.814398 0.888818
vt 0.744071 0.936392
vt 0.666724 0.971387
vt 0.584579 0.992795
vt 0.500003 0.938486
vt 0.421618 0.931424
vt 0.345750 0.910468
vt 0.274842 0.876290
vt 0.211170 0.829988
vt 0.156783 0.773051
vt 0.113426 0.707309
vt 0.082494 0.634875
vt 0.064982 0.558077
vt 0.061450 0.479385
vt 0.072014 0.401325
vt 0.096335 0.326407
vt 0.133630 0.257040
vt 0.182699 0.195452
vt 0.241969 0.143625
vt 0.309530 0.103223
vt 0.383214 0.075543
vt 0.460651 0.061477
vt 0.539354 0.061477
vt 0.616791 0.075543
vt 0.690475 0.103223
vt 0.758037 0.143625
vt 0.817306 0.195452
vt 0.866375 0.257040
vt 0.903671 0.326407
vt 0.927991 0.401325
vt 0.938555 0.479385
vt 0.935024 0.558077
vt 0.917511 0.634875
vt 0.886580 0.707309
vt 0.843223 0.773051
vt 0.788835 0.829988
vt 0.725163 0.876290
vt 0.654255 0.910468
vt 0.578388 0.931424
vt 0.000000 0.410632
vt 1.000000 0.410632
vt 1.000000 0.500000
vt 0.000000 0.324135
vt 1.000000 0.324135
vt 0.000000 0.243291
vt 1.000000 0.243291
vt 0.000000 0.170698
vt 1.000000 0.170698
vt 0.000000 0.108690
vt 1.000000 0.108690
vt 0.000000 0.059258
vt 1.000000 0.059258
vt 0.000000 0.023992
vt 1.000000 0.023992
vt 0.000000 0.004026
vt 1.000000 0.004026
vt 0.000000 0.012044
vt 1.000000 0.012044
vt 0.000000 0.039772
vt 1.000000 0.039772
vt 0.000000 0.082293
vt 1.000000 0.082293
vt 0.000000 0.138237
vt 1.000000 0.138237
vt 0.000000 0.205811
vt 1.000000 0.205811
vt 0.000000 0.282839
vt 1.000000 0.282839
vt 0.000000 0.366848
vt 1.000000 0.366848
vt 0.000000 0.455135
vt 1.000000 0.455135
vt 0.000000 0.544865
vt 1.000000 0.544865
vt 0.000000 0.633152
vt 1.000000 0.633152
vt 0.000000 0.717161
vt 1.000000 0.717161
vt 0.000000 0.794189
vt 1.000000 0.794189
vt 0.000000 0.861763
vt 1.000000 0.861763
vt 0.000000 0.917707
vt 1.000000 0.917707
vt 0.000000 0.960228
vt 1.000000 0.960228
vt 0.000000 0.987956
vt 1.000000 0.987956
vt 0.000000 0.995974
vt 1.000000 0.995974
vt 0.000000 0.976008
vt 1.000000 0.976008
vt 0.000000 0.940742
vt 1.000000 0.940742
vt 0.000000 0.891310
vt 1.000000 0.891310
vt 0.000000 0.829302
vt 1.000000 0.829302
vt 0.000000 0.756709
vt 1.000000 0.756709
vt 0.000000 0.675865
vt 1.000000 0.675865
vt 0.000000 0.589368
vt 1.000000 0.589368
s 0
usemtl Shape
f 67/1/1 1/2/1 113/3/1
f 1/2/1 2/4/1 112/5/1
f 2/4/1 3/6/1 111/7/1
f 3/6/1 4/8/1 110/9/1
f 4/8/1 5/10/1 109/11/1
f 5/10/1 6/12/1 108/13/1
f 6/12/1 7/14/1 107/15/1
f 7/14/1 8/16/1 107/15/1
f 8/16/1 9/17/1 106/18/1
f 9/17/1 10/19/1 105/20/1
f 10/19/1 11/21/1 104/22/1
f 11/21/1 12/23/1 103/24/1
f 12/23/1 13/25/1 102/26/1
f 13/25/1 14/27/1 101/28/1
f 14/27/1 15/29/1 100/30/1
f 15/29/1 16/31/1 99/32/1
f 16/31/1 17/33/1 99/32/1
f 17/33/1 18/34/1 98/35/1
f 18/34/1 19/36/1 97/37/1
f 19/36/1 20/38/1 96/39/1
f 20/38/1 21/40/1 95/41/1
f 21/40/1 22/42/1 94/43/1
f 22/42/1 23/44/1 93/45/1
f 23/44/1 24/46/1 92/47/1
f 24/46/1 25/48/1 92/47/1
f 25/48/1 26/49/1 91/50/1
f 26/49/1 27/51/1 90/52/1
f 27/51/1 28/53/1 89/54/1
f 28/53/1 29/55/1 88/56/1
f 29/55/1 30/57/1 87/58/1
f 30/57/1 31/59/1 86/60/1
f 31/59/1 32/61/1 85/62/1
f 32/61/1 33/63/1 85/62/1
f 33/63/1 34/64/1 84/65/1
f 34/64/1 35/66/1 83/67/1
f 35/66/1 36/68/1 82/69/1
f 36/68/1 37/70/1 81/71/1
f 37/70/1 38/72/1 80/73/1
f 38/72/1 39/74/1 79/75/1
f 39/74/1 40/76/1 78/77/1
f 40/76/1 41/78/1 77/79/1
f 41/78/1 42/80/1 77/79/1
f 42/80/1 43/81/1 76/82/1
f 43/81/1 44/83/1 75/84/1
f 44/83/1 45/85/1 74/86/1
f 45/85/1 46/87/1 73/88/1
f 46/87/1 47/89/1 72/90/1
f 47/89/1 48/91/1 71/92/1
f 48/91/1 49/93/1 70/94/1
f 49/93/1 50/95/1 70/94/1
f 50/95/1 51/96/1 69/97/1
f 51/96/1 52/98/1 68/99/1
f 52/98/1 53/100/1 126/101/1
f 53/100/1 54/102/1 125/103/1
f 54/102/1 55/104/1 124/105/1
f 55/104/1 56/106/1 123/107/1
f 56/106/1 57/108/1 122/109/1
f 57/108/1 58/110/1 121/111/1
f 58/110/1 59/112/1 121/111/1
f 59/112/1 60/113/1 120/114/1
f 60/113/1 61/115/1 119/116/1
f 61/115/1 62/117/1 118/118/1
f 62/117/1 63/119/1 117/120/1
f 63/119/1 64/121/1 116/122/1
f 64/121/1 65/123/1 115/124/1
f 65/123/1 66/125/1 114/126/1
f 66/125/1 67/1/1 114/126/1
f 126/101/1 68/99/1 52/98/1
f 68/99/1 69/97/1 51/96/1
f 69/97/1 70/94/1 50/95/1
f 70/94/1 71/92/1 48/91/1
f 71/92/1 72/90/1 47/89/1
f 72/90/1 73/88/1 46/87/1
f 73/88/1 74/86/1 45/85/1
f 74/86/1 75/84/1 44/83/1
f 75/84/1 76/82/1 43/81/1
f 76/82/1 77/79/1 42/80/1
f 77/79/1 78/77/1 40/76/1
f 78/77/1 79/75/1 39/74/1
f 79/75/1 80/73/1 38/72/1
f 80/73/1 81/71/1 37/70/1
f 81/71/1 82/69/1 36/68/1
f 82/69/1 83/67/1 35/66/1
f 83/67/1 84/65/1 34/64/1
f 84/65/1 85/62/1 33/63/1
f 85/62/1 86/60/1 31/59/1
f 86/60/1 87/58/1 30/57/1
f 87/58/1 88/56/1 29/55/1
f 88/56/1 89/54/1 28/53/1
f 89/54/1 90/52/1 27/51/1
f 90/52/1 91/50/1 26/49/1
f 91/50/1 92/47/1 25/48/1
f 92/47/1 93/45/1 23/44/1
f 93/45/1 94/43/1 22/42/1
f 94/43/1 95/41/1 21/40/1
f 95/41/1 96/39/1 20/38/1
f 96/39/1 97/37/1 19/36/1
f 97/37/1 98/35/1 18/34/1
f 98/35/1 99/32/1 17/33/1
f 99/32/1 100/30/1 15/29/1
f 100/30/1 101/28/1 14/27/1
f 101/28/1 102/26/1 13/25/1
f 102/26/1 103/24/1 12/23/1
f 103/24/1 104/22/1 11/21/1
f 104/22/1 105/20/1 10/19/1
f 105/20/1 106/18/1 9/17/1
f 106/18/1 107/15/1 8/16/1
f 107/15/1 108/13/1 6/12/1
f 108/13/1 109/11/1 5/10/1
f 109/11/1 110/9/1 4/8/1
f 110/9/1 111/7/1 3/6/1
f 111/7/1 112/5/1 2/4/1
f 112/5/1 113/3/1 1/2/1
f 113/3/1 114/126/1 67/1/1
f 114/126/1 115/124/1 65/123/1
f 115/124/1 116/122/1 64/121/1
f 116/122/1 117/120/1 63/119/1
f 117/120/1 118/118/1 62/117/1
f 118/118/1 119/116/1 61/115/1
f 119/116/1 120/114/1 60/113/1
f 120/114/1 121/111/1 59/112/1
f 121/111/1 122/109/1 57/108/1
f 122/109/1 123/107/1 56/106/1
f 123/107/1 124/105/1 55/104/1
f 124/105/1 125/103/1 54/102/1
f 125/103/1 126/101/1 53/100/1
f 127/127/2 128/128/2 188/128/2
f 127/127/2 188/128/2 187/127/2
f 128/128/3 129/129/3 189/129/3
f 128/128/3 189/129/3 188/128/3
f 129/129/4 130/130/4 190/130/4
f 129/129/4 190/130/4 189/129/4
f 130/130/5 131/131/5 191/131/5
f 130/130/5 191/131/5 190/130/5
f 131/131/6 132/132/6 192/132/6
f 131/131/6 192/132/6 191/131/6
f 132/132/7 133/133/7 193/133/7
f 132/132/7 193/133/7 192/132/7
f 133/133/8 134/134/8 194/134/8
f 133/133/8 194/134/8 193/133/8
f 134/134/9 135/135/9 195/135/9
f 134/134/9 195/135/9 194/134/9
f 135/135/10 136/136/10 196/136/10
f 135/135/10 196/136/10 195/135/10
f 136/136/11 137/137/11 197/137/11
f 136/136/11 197/137/11 196/136/11
f 137/137/12 138/138/12 198/138/12
f 137/137/12 198/138/12 197/137/12
f 138/138/13 139/139/13 199/139/13
f 138/138/13 199/139/13 198/138/13
f 139/139/14 140/140/14 200/140/14
f 139/139/14 200/140/14 199/139/14
f 140/140/15 141/141/15 201/141/15
f 140/140/15 201/141/15 200/140/15
f 141/141/16 142/142/16 202/142/16
f 141/141/16 202/142/16 201/141/16
f 142/142/17 143/143/17 203/143/17
f 142/142/17 203/143/17 202/142/17
f 143/143/18 144/144/18 204/144/18
f 143/143/18 204/144/18 203/143/18
f 144/144/19 145/145/19 205/145/19
f 144/144/19 205/145/19 204/144/19
f 145/145/20 146/146/20 206/146/20
f 145/145/20 206/146/20 205/145/20
f 146/146/21 147/147/21 207/147/21
f 146/146/21 207/147/21 206/146/21
f 147/147/22 148/148/22 208/148/22
f 147/147/22 208/148/22 207/147/22
f 148/148/23 149/149/23 209/149/23
f 148/148/23 209/149/23 208/148/23
f 149/149/24 150/150/24 210/150/24
f 149/149/24 210/150/24 209/149/24
f 150/150/25 151/151/25 211/151/25
f 150/150/25 211/151/25 210/150/25
f 151/151/26 152/152/26 212/152/26
f 151/151/26 212/152/26 211/151/26
f 152/152/27 153/153/27 213/153/27
f 152/152/27 213/153/27 212/152/27
f 153/153/28 154/154/28 214/154/28
f 153/153/28 214/154/28 213/153/28
f 154/154/29 155/155/29 215/155/29
f 154/154/29 215/155/29 214/154/29
f 155/155/30 156/156/30 216/156/30
f 155/155/30 216/156/30 215/155/30
f 156/156/31 157/157/31 217/157/31
f 156/156/31 217/157/31 216/156/31
f 157/157/32 158/158/32 218/158/32
f 157/157/32 218/158/32 217/157/32
f 158/158/33 159/159/33 219/159/33
f 158/158/33 219/159/33 218/158/33
f 159/159/34 160/160/34 220/160/34
f 159/159/34 220/160/34 219/159/34
f 160/160/35 161/161/35 221/161/35
f 160/160/35 221/161/35 220/160/35
f 161/161/36 162/162/36 222/162/36
f 161/161/36 222/162/36 221/161/36
f 162/162/37 163/163/37 223/163/37
f 162/162/37 223/163/37 222/162/37
f 163/163/38 164/164/38 224/164/38
f 163/163/38 224/164/38 223/163/38
f 164/164/39 165/165/39 225/165/39
f 164/164/39 225/165/39 224/164/39
f 165/165/40 166/166/40 226/166/40
f 165/165/40 226/166/40 225/165/40
f 166/166/41 167/167/41 227/167/41
f 166/166/41 227/167/41 226/166/41
f 167/167/42 168/168/42 228/168/42
f 167/167/42 228/168/42 227/167/42
f 168/168/43 169/169/43 229/169/43
f 168/168/43 229/169/43 228/168/43
f 169/169/44 170/170/44 230/170/44
f 169/169/44 230/170/44 229/169/44
f 170/170/45 171/171/45 231/171/45
f 170/170/45 231/171/45 230/170/45
f 171/171/46 172/172/46 232/172/46
f 171/171/46 232/172/46 231/171/46
f 172/172/47 173/173/47 233/173/47
f 172/172/47 233/173/47 232/172/47
f 173/173/48 174/174/48 234/174/48
f 173/173/48 234/174/48 233/173/48
f 174/174/49 175/175/49 235/175/49
f 174/174/49 235/175/49 234/174/49
f 175/175/50 176/176/50 236/176/50
f 175/175/50 236/176/50 235/175/50
f 176/176/51 177/177/51 237/177/51
f 176/176/51 237/177/51 236/176/51
f 177/177/52 178/178/52 238/178/52
f 177/177/52 238/178/52 237/177/52
f 178/178/53 179/179/53 239/179/53
f 178/178/53 239/179/53 238/178/53
f 179/179/54 180/180/54 240/180/54
f 179/179/54 240/180/54 239/179/54
f 180/180/55 181/181/55 241/181/55
f 180/180/55 241/181/55 240/180/55
f 181/181/56 182/182/56 242/182/56
f 181/181/56 242/182/56 241/181/56
f 182/182/57 183/183/57 243/183/57
f 182/182/57 243/183/57 242/182/57
f 183/183/58 184/184/58 244/184/58
f 183/183/58 244/184/58 243/183/58
f 184/184/59 185/185/59 245/185/59
f 184/184/59 245/185/59 244/184/59
f 185/185/60 186/127/60 246/127/60
f 185/185/60 246/127/60 245/185/60
f 408/186/61 247/187/61 361/188/61
f 247/187/62 248/189/62 360/190/62
f 248/189/63 249/191/63 360/190/63
f 249/191/64 250/192/64 359/193/64
f 250/192/65 251/194/65 359/193/65
f 251/194/66 252/195/66 358/196/66
f 252/195/67 253/197/67 358/196/67
f 253/197/68 254/198/68 358/196/68
f 254/198/69 255/199/69 357/200/69
f 255/199/70 256/201/70 357/200/70
f 256/201/71 257/202/71 356/203/71
f 257/202/72 258/204/72 356/203/72
f 258/204/73 259/205/73 355/206/73
f 259/205/74 260/207/74 354/208/74
f 260/207/75 261/209/75 354/208/75
f 261/209/76 262/210/76 353/211/76
f 262/210/77 263/212/77 353/211/77
f 263/212/78 264/213/78 352/214/78
f 264/213/79 265/215/79 352/214/79
f 265/215/80 266/216/80 352/214/80
f 266/216/81 267/217/81 351/218/81
f 267/217/82 268/219/82 351/218/82
f 268/219/83 269/220/83 351/218/83
f 269/220/84 270/221/84 350/222/84
f 270/221/85 271/223/85 350/222/85
f 271/223/86 272/224/86 350/222/86
f 272/224/87 273/225/87 349/226/87
f 273/225/88 274/227/88 349/226/88
f 274/227/89 275/228/89 349/226/89
f 275/228/90 276/229/90 348/230/90
f 276/229/91 277/231/91 348/230/91
f 277/231/92 278/232/92 348/230/92
f 278/232/93 279/233/93 347/234/93
f 279/233/94 280/235/94 347/234/94
f 280/235/95 281/236/95 346/237/95
f 281/236/96 282/238/96 346/237/96
f 282/238/97 283/239/97 345/240/97
f 283/239/98 284/241/98 345/240/98
f 284/241/99 285/242/99 344/243/99
f 285/242/100 286/244/100 343/245/100
f 286/244/101 287/246/101 343/245/101
f 287/246/102 288/247/102 342/248/102
f 288/247/103 289/249/103 342/248/103
f 289/249/104 290/250/104 342/248/104
f 290/250/105 291/251/105 341/252/105
f 291/251/106 292/253/106 341/252/106
f 292/253/107 293/254/107 340/255/107
f 293/254/108 294/256/108 339/257/108
f 294/256/109 295/258/109 338/259/109
f 295/258/110 296/260/110 337/261/110
f 296/260/111 297/262/111 336/263/111
f 297/262/112 298/264/112 335/265/112
f 298/264/113 299/266/113 334/267/113
f 299/266/114 300/268/114 333/269/114
f 300/268/115 301/270/115 332/271/115
f 301/270/116 302/272/116 331/273/116
f 302/272/117 303/274/117 330/275/117
f 303/274/118 304/276/118 329/277/118
f 304/276/119 305/278/119 328/279/119
f 305/278/120 306/280/120 327/281/120
f 306/280/121 307/282/121 326/283/121
f 307/282/122 308/284/122 325/285/122
f 308/284/123 309/286/123 324/287/123
f 309/286/124 310/288/124 323/289/124
f 310/288/125 311/290/125 322/291/125
f 311/290/126 312/292/126 321/293/126
f 312/292/127 313/294/127 320/295/127
f 313/294/128 314/296/128 319/297/128
f 314/296/129 315/298/129 318/299/129
f 315/298/130 316/300/130 317/300/130
f 317/300/131 318/299/131 315/298/131
f 318/299/132 319/297/132 314/296/132
f 319/297/133 320/295/133 313/294/133
f 320/295/134 321/293/134 312/292/134
f 321/293/135 322/291/135 311/290/135
f 322/291/136 323/289/136 310/288/136
f 323/289/137 324/287/137 309/286/137
f 324/287/138 325/285/138 308/284/138
f 325/285/139 326/283/139 307/282/139
f 326/283/140 327/281/140 306/280/140
f 327/281/141 328/279/141 305/278/141
f 328/279/142 329/277/142 304/276/142
f 329/277/143 330/275/143 303/274/143
f 330/275/144 331/273/144 302/272/144
f 331/273/145 332/271/145 301/270/145
f 332/271/146 333/269/146 300/268/146
f 333/269/147 334/267/147 299/266/147
f 334/267/148 335/265/148 298/264/148
f 335/265/149 336/263/149 297/262/149
f 336/263/150 337/261/150 296/260/150
f 337/261/151 338/259/151 295/258/151
f 338/259/152 339/257/152 294/256/152
f 339/257/153 340/255/153 293/254/153
f 340/255/154 341/252/154 292/253/154
f 341/252/155 342/248/155 290/250/155
f 342/248/156 343/245/156 287/246/156
f 343/245/157 344/243/157 285/242/157
f 344/243/158 345/240/158 284/241/158
f 345/240/159 346/237/159 282/238/159
f 346/237/160 347/234/160 280/235/160
f 347/234/161 348/230/161 278/232/161
f 348/230/90 349/226/90 275/228/90
f 349/226/162 350/222/162 272/224/162
f 350/222/163 351/218/163 269/220/163
f 351/218/164 352/214/164 266/216/164
f 352/214/165 353/211/165 263/212/165
f 353/211/166 354/208/166 261/209/166
f 354/208/167 355/206/167 259/205/167
f 355/206/168 356/203/168 258/204/168
f 356/203/169 357/200/169 256/201/169
f 357/200/170 358/196/170 254/198/170
f 358/196/171 359/193/171 251/194/171
f 359/193/172 360/190/172 249/191/172
f 360/190/173 361/188/173 247/187/173
f 361/188/174 362/301/174 408/186/174
f 362/301/175 363/302/175 407/303/175
f 363/302/176 364/304/176 406/305/176
f 364/304/177 365/306/177 405/307/177
f 365/306/178 366/308/178 404/309/178
f 366/308/179 367/310/179 403/311/179
f 367/310/180 368/312/180 402/313/180
f 368/312/181 369/314/181 401/315/181
f 369/314/182 370/316/182 400/317/182
f 370/316/183 371/318/183 399/319/183
f 371/318/184 372/320/184 398/321/184
f 372/320/185 373/322/185 397/323/185
f 373/322/186 374/324/186 396/325/186
f 374/324/187 375/326/187 395/327/187
f 375/326/188 376/328/188 394/329/188
f 376/328/189 377/330/189 393/331/189
f 377/330/190 378/332/190 392/333/190
f 378/332/191 379/334/191 391/335/191
f 379/334/192 380/336/192 390/337/192
f 380/336/193 381/338/193 389/339/193
f 381/338/194 382/340/194 388/341/194
f 382/340/195 383/342/195 387/343/195
f 383/342/196 384/300/196 386/344/196
f 384/300/197 385/300/197 386/344/197
f 386/344/198 387/343/198 383/342/198
f 387/343/199 388/341/199 382/340/199
f 388/341/200 389/339/200 381/338/200
f 389/339/201 390/337/201 380/336/201
f 390/337/202 391/335/202 379/334/202
f 391/335/203 392/333/203 378/332/203
f 392/333/204 393/331/204 377/330/204
f 393/331/205 394/329/205 376/328/205
f 394/329/206 395/327/206 375/326/206
f 395/327/207 396/325/207 374/324/207
f 396/325/208 397/323/208 373/322/208
f 397/323/209 398/321/209 372/320/209
f 398/321/210 399/319/210 371/318/210
f 399/319/211 400/317/211 370/316/211
f 400/317/212 401/315/212 369/314/212
f 401/315/213 402/313/213 368/312/213
f 402/313/214 403/311/214 367/310/214
f 403/311/215 404/309/215 366/308/215
f 404/309/216 405/307/216 365/306/216
f 405/307/217 406/305/217 364/304/217
f 406/305/218 407/303/218 363/302/218
f 407/303/219 408/186/219 362/301/219
f 467/185/1 409/127/1 466/184/1
f 409/127/1 410/128/1 411/129/1
f 411/129/1 412/130/1 421/139/1
f 412/130/1 413/131/1 414/132/1
f 414/132/1 415/133/1 417/135/1
f 415/133/1 416/134/1 417/135/1
f 417/135/1 418/136/1 419/137/1
f 419/137/1 420/138/1 417/135/1
f 420/138/1 421/139/1 412/130/1
f 421/139/1 422/140/1 423/141/1
f 423/141/1 424/142/1 425/143/1
f 425/143/1 426/144/1 423/141/1
f 426/144/1 427/145/1 423/141/1
f 427/145/1 428/146/1 430/148/1
f 428/146/1 429/147/1 430/148/1
f 430/148/1 431/149/1 432/150/1
f 432/150/1 433/151/1 434/152/1
f 434/152/1 435/153/1 430/148/1
f 435/153/1 436/154/1 438/156/1
f 436/154/1 437/155/1 438/156/1
f 438/156/1 439/157/1 440/158/1
f 440/158/1 441/159/1 442/160/1
f 442/160/1 443/161/1 445/163/1
f 443/161/1 444/162/1 445/163/1
f 445/163/1 446/164/1 447/165/1
f 447/165/1 448/166/1 445/163/1
f 448/166/1 449/167/1 450/168/1
f 450/168/1 451/169/1 452/170/1
f 452/170/1 453/171/1 409/127/1
f 453/171/1 454/172/1 455/173/1
f 455/173/1 456/174/1 459/177/1
f 456/174/1 457/175/1 459/177/1
f 457/175/1 458/176/1 459/177/1
f 459/177/1 460/178/1 463/181/1
f 460/178/1 461/179/1 462/180/1
f 462/180/1 463/181/1 460/178/1
f 463/181/1 464/182/1 465/183/1
f 411/129/1 421/139/1 409/127/1
f 414/132/1 417/135/1 412/130/1
f 420/138/1 412/130/1 417/135/1
f 423/141/1 427/145/1 409/127/1
f 427/145/1 430/148/1 409/127/1
f 430/148/1 432/150/1 434/152/1
f 430/148/1 435/153/1 409/127/1
f 435/153/1 438/156/1 409/127/1
f 438/156/1 440/158/1 409/127/1
f 440/158/1 442/160/1 409/127/1
f 442/160/1 445/163/1 409/127/1
f 445/163/1 448/166/1 409/127/1
f 448/166/1 450/168/1 409/127/1
f 450/168/1 452/170/1 409/127/1
f 409/127/1 453/171/1 455/173/1
f 455/173/1 459/177/1 409/127/1
f 459/177/1 463/181/1 409/127/1
f 463/181/1 465/183/1 409/127/1
f 409/127/1 421/139/1 423/141/1
f 409/127/1 465/183/1 466/184/1
f 701/345/220 468/346/220 469/347/220
f 469/347/221 470/348/221 686/349/221
f 470/348/222 471/350/222 685/351/222
f 471/350/223 472/352/223 685/351/223
f 472/352/224 473/353/224 684/354/224
f 473/353/225 474/355/225 684/354/225
f 474/355/226 475/356/226 683/357/226
f 475/356/227 476/358/227 683/357/227
f 476/358/228 477/359/228 682/360/228
f 477/359/229 478/361/229 682/360/229
f 478/361/230 479/362/230 682/360/230
f 479/362/231 480/363/231 681/364/231
f 480/363/232 481/365/232 681/364/232
f 481/365/233 482/366/233 681/364/233
f 482/366/234 483/367/234 680/368/234
f 483/367/235 484/369/235 680/368/235
f 484/369/236 485/370/236 680/368/236
f 485/370/237 486/371/237 680/368/237
f 486/371/238 487/372/238 679/373/238
f 487/372/239 488/374/239 679/373/239
f 488/374/240 489/375/240 679/373/240
f 489/375/241 490/376/241 678/377/241
f 490/376/242 491/378/242 678/377/242
f 491/378/243 492/379/243 677/380/243
f 492/379/244 493/381/244 677/380/244
f 493/381/245 494/382/245 676/383/245
f 494/382/246 495/384/246 676/383/246
f 495/384/247 496/385/247 675/386/247
f 496/385/248 497/387/248 675/386/248
f 497/387/249 498/388/249 674/389/249
f 498/388/250 499/390/250 674/389/250
f 499/390/251 500/391/251 674/389/251
f 500/391/252 501/392/252 673/393/252
f 501/392/253 502/394/253 673/393/253
f 502/394/254 503/395/254 672/396/254
f 503/395/255 504/397/255 672/396/255
f 504/397/256 505/398/256 672/396/256
f 505/398/257 506/399/257 671/400/257
f 506/399/258 507/401/258 671/400/258
f 507/401/259 508/402/259 671/400/259
f 508/402/260 509/403/260 671/400/260
f 509/403/261 510/404/261 671/400/261
f 510/404/262 511/405/262 670/406/262
f 511/405/263 512/407/263 670/406/263
f 512/407/264 513/408/264 670/406/264
f 513/408/265 514/409/265 670/406/265
f 514/409/266 515/410/266 670/406/266
f 515/410/267 516/411/267 670/406/267
f 516/411/268 517/412/268 598/413/268
f 517/412/269 518/414/269 598/413/269
f 518/414/270 519/415/270 598/413/270
f 519/415/271 520/416/271 598/413/271
f 520/416/272 521/417/272 598/413/272
f 521/417/273 522/418/273 598/413/273
f 522/418/274 523/419/274 598/413/274
f 523/419/275 524/420/275 597/421/275
f 524/420/276 525/422/276 597/421/276
f 525/422/277 526/423/277 597/421/277
f 526/423/278 527/424/278 597/421/278
f 527/424/279 528/425/279 597/421/279
f 528/425/280 529/426/280 596/427/280
f 529/426/281 530/428/281 596/427/281
f 530/428/282 531/429/282 596/427/282
f 531/429/283 532/430/283 595/431/283
f 532/430/284 533/432/284 595/431/284
f 533/432/285 534/433/285 594/434/285
f 534/433/286 535/435/286 594/434/286
f 535/435/287 536/436/287 594/434/287
f 536/436/288 537/437/288 593/438/288
f 537/437/289 538/439/289 593/438/289
f 538/439/290 539/440/290 592/441/290
f 539/440/291 540/442/291 592/441/291
f 540/442/292 541/443/292 591/444/292
f 541/443/293 542/445/293 591/444/293
f 542/445/294 543/446/294 590/447/294
f 543/446/295 544/448/295 590/447/295
f 544/448/296 545/449/296 589/450/296
f 545/449/297 546/451/297 589/450/297
f 546/451/298 547/452/298 589/450/298
f 547/452/299 548/453/299 588/454/299
f 548/453/300 549/455/300 588/454/300
f 549/455/301 550/456/301 588/454/301
f 550/456/302 551/457/302 587/458/302
f 551/457/303 552/459/303 587/458/303
f 552/459/304 553/460/304 587/458/304
f 553/460/305 554/461/305 587/458/305
f 554/461/306 555/462/306 587/458/306
f 555/462/307 556/463/307 586/464/307
f 556/463/308 557/465/308 586/464/308
f 557/465/309 558/466/309 586/464/309
f 558/466/310 559/467/310 585/468/310
f 559/467/311 560/469/311 585/468/311
f 560/469/312 561/470/312 584/471/312
f 561/470/313 562/472/313 584/471/313
f 562/472/314 563/473/314 583/474/314
f 563/473/315 564/475/315 583/474/315
f 564/475/316 565/476/316 582/477/316
f 565/476/317 566/478/317 582/477/317
f 566/478/318 567/479/318 568/480/318
f 568/480/319 569/481/319 581/482/319
f 569/481/320 570/483/320 580/484/320
f 570/483/321 571/485/321 580/484/321
f 571/485/322 572/486/322 579/487/322
f 572/486/323 573/488/323 579/487/323
f 573/488/324 574/489/324 578/490/324
f 574/489/325 575/491/325 578/490/325
f 575/491/326 576/492/326 577/493/326
f 577/493/327 578/490/327 575/491/327
f 578/490/328 579/487/328 573/488/328
f 579/487/329 580/484/329 571/485/329
f 580/484/330 581/482/330 569/481/330
f 581/482/331 582/477/331 566/478/331
f 582/477/332 583/474/332 564/475/332
f 583/474/333 584/471/333 562/472/333
f 584/471/334 585/468/334 560/469/334
f 585/468/335 586/464/335 558/466/335
f 586/464/336 587/458/336 555/462/336
f 587/458/337 588/454/337 550/456/337
f 588/454/338 589/450/338 547/452/338
f 589/450/339 590/447/339 544/448/339
f 590/447/340 591/444/340 542/445/340
f 591/444/341 592/441/341 540/442/341
f 592/441/342 593/438/342 538/439/342
f 593/438/343 594/434/343 536/436/343
f 594/434/344 595/431/344 533/432/344
f 595/431/345 596/427/345 531/429/345
f 596/427/346 597/421/346 528/425/346
f 597/421/347 598/413/347 523/419/347
f 598/413/348 599/421/348 669/400/348
f 599/421/349 600/427/349 668/396/349
f 600/427/350 601/431/350 667/393/350
f 601/431/351 602/434/351 666/389/351
f 602/434/352 603/438/352 665/386/352
f 603/438/353 604/441/353 664/383/353
f 604/441/354 605/444/354 663/380/354
f 605/444/355 606/447/355 662/377/355
f 606/447/356 607/450/356 661/373/356
f 607/450/357 608/454/357 660/368/357
f 608/454/358 609/458/358 659/364/358
f 609/458/359 610/464/359 658/360/359
f 610/464/360 611/468/360 657/357/360
f 611/468/361 612/471/361 656/354/361
f 612/471/362 613/474/362 655/351/362
f 613/474/363 614/477/363 654/349/363
f 614/477/364 615/482/364 653/494/364
f 615/482/365 616/484/365 652/495/365
f 616/484/366 617/487/366 627/496/366
f 617/487/367 618/490/367 623/497/367
f 618/490/368 619/493/368 621/498/368
f 619/493/369 620/492/369 621/498/369
f 621/498/370 622/499/370 618/490/370
f 622/499/371 623/497/371 618/490/371
f 623/497/372 624/500/372 617/487/372
f 624/500/373 625/501/373 617/487/373
f 625/501/374 626/502/374 617/487/374
f 626/502/375 627/496/375 617/487/375
f 627/496/376 628/503/376 616/484/376
f 628/503/377 629/504/377 616/484/377
f 629/504/378 630/505/378 616/484/378
f 630/505/379 631/506/379 616/484/379
f 631/506/380 632/507/380 616/484/380
f 632/507/381 633/508/381 616/484/381
f 633/508/382 634/509/382 616/484/382
f 634/509/383 635/510/383 616/484/383
f 635/510/384 636/511/384 652/495/384
f 636/511/385 637/512/385 652/495/385
f 637/512/386 638/513/386 652/495/386
f 638/513/387 639/514/387 652/495/387
f 639/514/388 640/515/388 652/495/388
f 640/515/389 641/516/389 652/495/389
f 641/516/390 642/517/390 652/495/390
f 642/517/391 643/518/391 651/519/391
f 643/518/392 644/520/392 651/519/392
f 644/520/393 645/521/393 651/519/393
f 645/521/394 646/522/394 650/523/394
f 646/522/395 647/524/395 650/523/395
f 647/524/396 648/525/396 649/526/396
f 649/526/397 650/523/397 647/524/397
f 650/523/398 651/519/398 645/521/398
f 651/519/399 652/495/399 642/517/399
f 652/495/365 653/494/365 615/482/365
f 653/494/364 654/349/364 614/477/364
f 654/349/363 655/351/363 613/474/363
f 655/351/362 656/354/362 612/471/362
f 656/354/361 657/357/361 611/468/361
f 657/357/360 658/360/360 610/464/360
f 658/360/359 659/364/359 609/458/359
f 659/364/358 660/368/358 608/454/358
f 660/368/357 661/373/357 607/450/357
f 661/373/356 662/377/356 606/447/356
f 662/377/355 663/380/355 605/444/355
f 663/380/354 664/383/354 604/441/354
f 664/383/353 665/386/353 603/438/353
f 665/386/352 666/389/352 602/434/352
f 666/389/351 667/393/351 601/431/351
f 667/393/350 668/396/350 600/427/350
f 668/396/349 669/400/349 599/421/349
f 669/400/348 670/406/348 598/413/348
f 670/406/400 671/400/400 510/404/400
f 671/400/401 672/396/401 505/398/401
f 672/396/402 673/393/402 502/394/402
f 673/393/403 674/389/403 500/391/403
f 674/389/404 675/386/404 497/387/404
f 675/386/405 676/383/405 495/384/405
f 676/383/406 677/380/406 493/381/406
f 677/380/407 678/377/407 491/378/407
f 678/377/408 679/373/408 489/375/408
f 679/373/409 680/368/409 486/371/409
f 680/368/410 681/364/410 482/366/410
f 681/364/411 682/360/411 479/362/411
f 682/360/412 683/357/412 476/358/412
f 683/357/413 684/354/413 474/355/413
f 684/354/414 685/351/414 472/352/414
f 685/351/415 686/349/415 470/348/415
f 686/349/416 687/494/416 469/347/416
f 687/494/417 688/495/417 700/527/417
f 688/495/418 689/519/418 698/528/418
f 689/519/419 690/523/419 696/529/419
f 690/523/420 691/526/420 694/530/420
f 691/526/421 692/525/421 693/531/421
f 693/531/422 694/530/422 691/526/422
f 694/530/423 695/532/423 690/523/423
f 695/532/424 696/529/424 690/523/424
f 696/529/425 697/533/425 689/519/425
f 697/533/426 698/528/426 689/519/426
f 698/528/427 699/534/427 688/495/427
f 699/534/428 700/527/428 688/495/428
f 700/527/429 701/345/429 687/494/429
f 701/345/430 469/347/430 687/494/430
f 670/406/268 516/411/268 598/413/268
f 566/478/431 568/480/431 581/482/431
f 652/495/432 616/484/432 635/510/432
f 796/535/268 702/536/268 797/537/268
f 796/535/268 703/538/268 702/536/268
f 795/539/268 704/540/268 703/538/268
f 794/541/268 705/542/268 704/540/268
f 793/543/268 706/544/268 705/542/268
f 792/545/268 707/546/268 706/544/268
f 790/547/268 708/548/268 707/546/268
f 789/549/268 709/550/268 708/548/268
f 788/551/268 710/552/268 709/550/268
f 787/553/268 711/554/268 710/552/268
f 786/555/268 712/556/268 711/554/268
f 785/557/268 713/558/268 712/556/268
f 784/559/268 714/560/268 713/558/268
f 783/561/268 715/562/268 714/560/268
f 782/563/268 716/564/268 715/562/268
f 780/565/268 717/566/268 716/564/268
f 779/567/268 718/568/268 717/566/268
f 778/569/268 719/570/268 718/568/268
f 777/571/268 720/572/268 719/570/268
f 776/573/268 721/574/268 720/572/268
f 775/575/268 722/576/268 721/574/268
f 774/577/268 723/578/268 722/576/268
f 773/579/268 724/580/268 723/578/268
f 771/581/268 725/582/268 724/580/268
f 770/583/268 726/584/268 725/582/268
f 769/585/268 727/586/268 726/584/268
f 768/587/268 728/588/268 727/586/268
f 767/589/268 729/590/268 728/588/268
f 766/591/268 730/592/268 729/590/268
f 765/593/268 731/594/268 730/592/268
f 764/595/268 732/596/268 731/594/268
f 762/597/268 733/598/268 732/596/268
f 761/599/268 734/600/268 733/598/268
f 760/601/268 735/602/268 734/600/268
f 759/603/268 736/604/268 735/602/268
f 758/605/268 737/606/268 736/604/268
f 757/607/268 738/608/268 737/606/268
f 756/609/268 739/610/268 738/608/268
f 755/611/268 740/612/268 739/610/268
f 754/613/268 741/614/268 740/612/268
f 752/615/268 742/616/268 741/614/268
f 751/617/268 743/618/268 742/616/268
f 750/619/268 744/620/268 743/618/268
f 749/621/268 745/622/268 744/620/268
f 748/623/268 746/624/268 745/622/268
f 748/623/268 747/625/268 746/624/268
f 745/622/268 749/621/268 748/623/268
f 744/620/268 750/619/268 749/621/268
f 743/618/268 751/617/268 750/619/268
f 742/616/268 752/615/268 751/617/268
f 741/614/268 753/626/268 752/615/268
f 741/614/268 754/613/268 753/626/268
f 740/612/268 755/611/268 754/613/268
f 739/610/268 756/609/268 755/611/268
f 738/608/268 757/607/268 756/609/268
f 737/606/268 758/605/268 757/607/268
f 736/604/268 759/603/268 758/605/268
f 735/602/268 760/601/268 759/603/268
f 734/600/268 761/599/268 760/601/268
f 733/598/268 762/597/268 761/599/268
f 732/596/268 763/627/268 762/597/268
f 732/596/268 764/595/268 763/627/268
f 731/594/268 765/593/268 764/595/268
f 730/592/268 766/591/268 765/593/268
f 729/590/268 767/589/268 766/591/268
f 728/588/268 768/587/268 767/589/268
f 727/586/268 769/585/268 768/587/268
f 726/584/268 770/583/268 769/585/268
f 725/582/268 771/581/268 770/583/268
f 724/580/268 772/2/268 771/581/268
f 724/580/268 773/579/268 772/2/268
f 723/578/268 774/577/268 773/579/268
f 722/576/268 775/575/268 774/577/268
f 721/574/268 776/573/268 775/575/268
f 720/572/268 777/571/268 776/573/268
f 719/570/268 778/569/268 777/571/268
f 718/568/268 779/567/268 778/569/268
f 717/566/268 780/565/268 779/567/268
f 716/564/268 781/628/268 780/565/268
f 716/564/268 782/563/268 781/628/268
f 715/562/268 783/561/268 782/563/268
f 714/560/268 784/559/268 783/561/268
f 713/558/268 785/557/268 784/559/268
f 712/556/268 786/555/268 785/557/268
f 711/554/268 787/553/268 786/555/268
f 710/552/268 788/551/268 787/553/268
f 709/550/268 789/549/268 788/551/268
f 708/548/268 790/547/268 789/549/268
f 707/546/268 791/629/268 790/547/268
f 707/546/268 792/545/268 791/629/268
f 706/544/268 793/543/268 792/545/268
f 705/542/268 794/541/268 793/543/268
f 704/540/268 795/539/268 794/541/268
f 703/538/268 796/535/268 795/539/268
f 1005/630/433 798/631/433 799/632/433
f 799/632/434 800/633/434 1005/630/434
f 800/633/435 801/634/435 1005/630/435
f 801/634/436 802/635/436 1005/630/436
f 802/635/437 803/636/437 1005/630/437
f 803/636/438 804/637/438 1004/638/438
f 804/637/439 805/639/439 1004/638/439
f 805/639/440 806/640/440 1004/638/440
f 806/640/441 807/641/441 1004/638/441
f 807/641/442 808/642/442 1004/638/442
f 808/642/443 809/643/443 1004/638/443
f 809/643/444 810/644/444 1003/645/444
f 810/644/445 811/646/445 1003/645/445
f 811/646/446 812/647/446 1003/645/446
f 812/647/447 813/648/447 1003/645/447
f 813/648/448 814/649/448 1003/645/448
f 814/649/449 815/650/449 1003/645/449
f 815/650/450 816/651/450 961/652/450
f 816/651/451 817/653/451 961/652/451
f 817/653/452 818/654/452 961/652/452
f 818/654/453 819/655/453 961/652/453
f 819/655/454 820/656/454 961/652/454
f 820/656/455 821/657/455 961/652/455
f 821/657/456 822/658/456 961/652/456
f 822/658/457 823/659/457 961/652/457
f 823/659/458 824/660/458 961/652/458
f 824/660/459 825/661/459 960/662/459
f 825/661/460 826/663/460 960/662/460
f 826/663/461 827/664/461 960/662/461
f 827/664/462 828/665/462 960/662/462
f 828/665/463 829/666/463 959/667/463
f 829/666/464 830/668/464 959/667/464
f 830/668/465 831/669/465 959/667/465
f 831/669/466 832/670/466 958/671/466
f 832/670/467 833/672/467 958/671/467
f 833/672/468 834/673/468 957/674/468
f 834/673/469 835/675/469 957/674/469
f 835/675/470 836/676/470 956/677/470
f 836/676/471 837/678/471 956/677/471
f 837/678/472 838/679/472 956/677/472
f 838/679/473 839/680/473 955/681/473
f 839/680/474 840/682/474 955/681/474
f 840/682/475 841/683/475 955/681/475
f 841/683/476 842/684/476 954/685/476
f 842/684/477 843/686/477 954/685/477
f 843/686/478 844/687/478 954/685/478
f 844/687/479 845/688/479 953/689/479
f 845/688/480 846/690/480 953/689/480
f 846/690/481 847/691/481 952/692/481
f 847/691/482 848/693/482 952/692/482
f 848/693/483 849/694/483 952/692/483
f 849/694/484 850/695/484 951/692/484
f 850/695/485 851/696/485 951/692/485
f 851/696/486 852/697/486 950/689/486
f 852/697/487 853/698/487 950/689/487
f 853/698/488 854/699/488 949/685/488
f 854/699/489 855/700/489 949/685/489
f 855/700/490 856/701/490 949/685/490
f 856/701/491 857/702/491 948/681/491
f 857/702/492 858/703/492 948/681/492
f 858/703/493 859/704/493 947/677/493
f 859/704/494 860/705/494 947/677/494
f 860/705/495 861/706/495 947/677/495
f 861/706/496 862/707/496 946/674/496
f 862/707/497 863/708/497 946/674/497
f 863/708/498 864/709/498 945/671/498
f 864/709/499 865/710/499 945/671/499
f 865/710/500 866/711/500 945/671/500
f 866/711/501 867/712/501 944/667/501
f 867/712/502 868/713/502 944/667/502
f 868/713/503 869/714/503 944/667/503
f 869/714/504 870/715/504 943/662/504
f 870/715/505 871/716/505 943/662/505
f 871/716/506 872/717/506 943/662/506
f 872/717/507 873/718/507 943/662/507
f 873/718/508 874/719/508 942/652/508
f 874/719/509 875/720/509 942/652/509
f 875/720/510 876/721/510 942/652/510
f 876/721/511 877/722/511 942/652/511
f 877/722/512 878/723/512 942/652/512
f 878/723/513 879/724/513 942/652/513
f 879/724/514 880/725/514 942/652/514
f 880/725/515 881/726/515 942/652/515
f 881/726/516 882/727/516 942/652/516
f 882/727/517 883/728/517 941/729/517
f 883/728/518 884/730/518 900/645/518
f 884/730/519 885/731/519 900/645/519
f 885/731/520 886/732/520 900/645/520
f 886/732/521 887/733/521 900/645/521
f 887/733/522 888/734/522 900/645/522
f 888/734/523 889/735/523 899/638/523
f 889/735/524 890/736/524 899/638/524
f 890/736/525 891/737/525 899/638/525
f 891/737/526 892/738/526 899/638/526
f 892/738/527 893/739/527 899/638/527
f 893/739/528 894/740/528 898/630/528
f 894/740/529 895/741/529 898/630/529
f 895/741/530 896/742/530 898/630/530
f 896/742/531 897/631/531 898/630/531
f 898/630/532 899/638/532 893/739/532
f 899/638/533 900/645/533 888/734/533
f 900/645/534 901/743/534 941/729/534
f 901/743/535 902/744/535 940/745/535
f 902/744/536 903/746/536 939/747/536
f 903/746/537 904/748/537 938/749/537
f 904/748/538 905/750/538 937/751/538
f 905/750/539 906/752/539 936/753/539
f 906/752/540 907/754/540 935/755/540
f 907/754/541 908/756/541 934/757/541
f 908/756/542 909/758/542 933/759/542
f 909/758/543 910/760/543 932/761/543
f 910/760/544 911/762/544 931/763/544
f 911/762/545 912/764/545 930/765/545
f 912/764/546 913/766/546 929/767/546
f 913/766/547 914/768/547 928/769/547
f 914/768/548 915/770/548 927/771/548
f 915/770/549 916/772/549 926/773/549
f 916/772/550 917/774/550 925/775/550
f 917/774/551 918/776/551 924/777/551
f 918/776/552 919/778/552 923/779/552
f 919/778/553 920/413/553 922/780/553
f 920/413/554 921/406/554 922/780/554
f 922/780/555 923/779/555 919/778/555
f 923/779/556 924/777/556 918/776/556
f 924/777/557 925/775/557 917/774/557
f 925/775/558 926/773/558 916/772/558
f 926/773/559 927/771/559 915/770/559
f 927/771/560 928/769/560 914/768/560
f 928/769/561 929/767/561 913/766/561
f 929/767/562 930/765/562 912/764/562
f 930/765/563 931/763/563 911/762/563
f 931/763/564 932/761/564 910/760/564
f 932/761/565 933/759/565 909/758/565
f 933/759/566 934/757/566 908/756/566
f 934/757/567 935/755/567 907/754/567
f 935/755/568 936/753/568 906/752/568
f 936/753/569 937/751/569 905/750/569
f 937/751/570 938/749/570 904/748/570
f 938/749/571 939/747/571 903/746/571
f 939/747/572 940/745/572 902/744/572
f 940/745/573 941/729/573 901/743/573
f 941/729/574 942/652/574 882/727/574
f 942/652/575 943/662/575 873/718/575
f 943/662/576 944/667/576 869/714/576
f 944/667/577 945/671/577 866/711/577
f 945/671/578 946/674/578 863/708/578
f 946/674/579 947/677/579 861/706/579
f 947/677/580 948/681/580 858/703/580
f 948/681/581 949/685/581 856/701/581
f 949/685/582 950/689/582 853/698/582
f 950/689/583 951/692/583 851/696/583
f 951/692/584 952/692/584 849/694/584
f 952/692/585 953/689/585 846/690/585
f 953/689/586 954/685/586 844/687/586
f 954/685/587 955/681/587 841/683/587
f 955/681/588 956/677/588 838/679/588
f 956/677/589 957/674/589 835/675/589
f 957/674/590 958/671/590 833/672/590
f 958/671/591 959/667/591 831/669/591
f 959/667/592 960/662/592 828/665/592
f 960/662/593 961/652/593 824/660/593
f 961/652/594 962/729/594 815/650/594
f 962/729/595 963/745/595 1002/743/595
f 963/745/596 964/747/596 1001/744/596
f 964/747/597 965/749/597 1000/746/597
f 965/749/598 966/751/598 999/748/598
f 966/751/599 967/753/599 998/750/599
f 967/753/600 968/755/600 997/752/600
f 968/755/601 969/757/601 996/754/601
f 969/757/602 970/759/602 995/756/602
f 970/759/603 971/761/603 994/758/603
f 971/761/604 972/763/604 993/760/604
f 972/763/605 973/765/605 992/762/605
f 973/765/606 974/767/606 991/764/606
f 974/767/607 975/769/607 990/766/607
f 975/769/608 976/771/608 989/768/608
f 976/771/609 977/773/609 988/770/609
f 977/773/610 978/775/610 987/772/610
f 978/775/611 979/777/611 986/774/611
f 979/777/612 980/779/612 985/776/612
f 980/779/613 981/780/613 984/778/613
f 981/780/614 982/406/614 983/413/614
f 983/413/615 984/778/615 981/780/615
f 984/778/616 985/776/616 980/779/616
f 985/776/617 986/774/617 979/777/617
f 986/774/618 987/772/618 978/775/618
f 987/772/619 988/770/619 977/773/619
f 988/770/620 989/768/620 976/771/620
f 989/768/621 990/766/621 975/769/621
f 990/766/622 991/764/622 974/767/622
f 991/764/623 992/762/623 973/765/623
f 992/762/624 993/760/624 972/763/624
f 993/760/625 994/758/625 971/761/625
f 994/758/626 995/756/626 970/759/626
f 995/756/627 996/754/627 969/757/627
f 996/754/628 997/752/628 968/755/628
f 997/752/629 998/750/629 967/753/629
f 998/750/630 999/748/630 966/751/630
f 999/748/631 1000/746/631 965/749/631
f 1000/746/632 1001/744/632 964/747/632
f 1001/744/633 1002/743/633 963/745/633
f 1002/743/634 1003/645/634 962/729/634
f 1003/645/635 1004/638/635 809/643/635
f 1004/638/636 1005/630/636 803/636/636
f 1003/645/637 815/650/637 962/729/637
f 941/729/638 883/728/638 900/645/638
f 1047/781/639 1006/782/639 1048/783/639
f 1006/782/639 1007/784/639 1048/783/639
f 1007/784/639 1008/785/639 1084/786/639
f 1008/785/639 1009/787/639 1083/788/639
f 1009/787/639 1010/789/639 1082/790/639
f 1010/789/639 1011/791/639 1081/792/639
f 1011/791/639 1012/793/639 1080/794/639
f 1012/793/639 1013/795/639 1079/796/639
f 1013/795/639 1014/797/639 1078/798/639
f 1014/797/639 1015/799/639 1078/798/639
f 1015/799/639 1016/800/639 1077/801/639
f 1016/800/639 1017/802/639 1076/803/639
f 1017/802/639 1018/804/639 1075/805/639
f 1018/804/639 1019/806/639 1074/807/639
f 1019/806/639 1020/808/639 1073/809/639
f 1020/808/639 1021/810/639 1072/811/639
f 1021/810/639 1022/812/639 1071/813/639
f 1022/812/639 1023/814/639 1070/815/639
f 1023/814/639 1024/816/639 1070/815/639
f 1024/816/639 1025/817/639 1069/818/639
f 1025/817/639 1026/819/639 1068/820/639
f 1026/819/639 1027/821/639 1067/822/639
f 1027/821/639 1028/823/639 1066/824/639
f 1028/823/639 1029/825/639 1065/826/639
f 1029/825/639 1030/827/639 1064/828/639
f 1030/827/639 1031/829/639 1063/830/639
f 1031/829/639 1032/831/639 1063/830/639
f 1032/831/639 1033/832/639 1062/833/639
f 1033/832/639 1034/834/639 1061/835/639
f 1034/834/639 1035/836/639 1060/837/639
f 1035/836/639 1036/838/639 1059/839/639
f 1036/838/639 1037/840/639 1058/841/639
f 1037/840/639 1038/842/639 1057/843/639
f 1038/842/639 1039/844/639 1056/845/639
f 1039/844/639 1040/846/639 1055/847/639
f 1040/846/639 1041/848/639 1055/847/639
f 1041/848/639 1042/849/639 1054/850/639
f 1042/849/639 1043/851/639 1053/852/639
f 1043/851/639 1044/853/639 1052/854/639
f 1044/853/639 1045/855/639 1051/856/639
f 1045/855/639 1046/857/639 1050/858/639
f 1046/857/639 1047/781/639 1049/859/639
f 1084/786/639 1048/783/639 1007/784/639
f 1048/783/639 1049/859/639 1047/781/639
f 1049/859/639 1050/858/639 1046/857/639
f 1050/858/639 1051/856/639 1045/855/639
f 1051/856/639 1052/854/639 1044/853/639
f 1052/854/639 1053/852/639 1043/851/639
f 1053/852/639 1054/850/639 1042/849/639
f 1054/850/639 1055/847/639 1041/848/639
f 1055/847/639 1056/845/639 1039/844/639
f 1056/845/639 1057/843/639 1038/842/639
f 1057/843/639 1058/841/639 1037/840/639
f 1058/841/639 1059/839/639 1036/838/639
f 1059/839/639 1060/837/639 1035/836/639
f 1060/837/639 1061/835/639 1034/834/639
f 1061/835/639 1062/833/639 1033/832/639
f 1062/833/639 1063/830/639 1032/831/639
f 1063/830/639 1064/828/639 1030/827/639
f 1064/828/639 1065/826/639 1029/825/639
f 1065/826/639 1066/824/639 1028/823/639
f 1066/824/639 1067/822/639 1027/821/639
f 1067/822/639 1068/820/639 1026/819/639
f 1068/820/639 1069/818/639 1025/817/639
f 1069/818/639 1070/815/639 1024/816/639
f 1070/815/639 1071/813/639 1022/812/639
f 1071/813/639 1072/811/639 1021/810/639
f 1072/811/639 1073/809/639 1020/808/639
f 1073/809/639 1074/807/639 1019/806/639
f 1074/807/639 1075/805/639 1018/804/639
f 1075/805/639 1076/803/639 1017/802/639
f 1076/803/639 1077/801/639 1016/800/639
f 1077/801/639 1078/798/639 1015/799/639
f 1078/798/639 1079/796/639 1013/795/639
f 1079/796/639 1080/794/639 1012/793/639
f 1080/794/639 1081/792/639 1011/791/639
f 1081/792/639 1082/790/639 1010/789/639
f 1082/790/639 1083/788/639 1009/787/639
f 1083/788/639 1084/786/639 1008/785/639
f 1163/783/31 1085/784/31 1126/782/31
f 1162/786/31 1086/785/31 1085/784/31
f 1161/788/31 1087/787/31 1086/785/31
f 1160/790/31 1088/789/31 1087/787/31
f 1159/792/31 1089/791/31 1088/789/31
f 1158/794/31 1090/793/31 1089/791/31
f 1157/796/31 1091/795/31 1090/793/31
f 1156/798/31 1092/797/31 1091/795/31
f 1156/798/31 1093/799/31 1092/797/31
f 1155/801/31 1094/800/31 1093/799/31
f 1154/803/31 1095/802/31 1094/800/31
f 1153/805/31 1096/804/31 1095/802/31
f 1152/807/31 1097/806/31 1096/804/31
f 1151/809/31 1098/808/31 1097/806/31
f 1150/811/31 1099/810/31 1098/808/31
f 1149/813/31 1100/812/31 1099/810/31
f 1148/815/31 1101/814/31 1100/812/31
f 1148/815/31 1102/816/31 1101/814/31
f 1147/818/31 1103/817/31 1102/816/31
f 1146/820/31 1104/819/31 1103/817/31
f 1145/822/31 1105/821/31 1104/819/31
f 1144/824/31 1106/823/31 1105/821/31
f 1143/826/31 1107/825/31 1106/823/31
f 1142/828/31 1108/827/31 1107/825/31
f 1141/830/31 1109/829/31 1108/827/31
f 1141/830/31 1110/831/31 1109/829/31
f 1140/833/31 1111/832/31 1110/831/31
f 1139/835/31 1112/834/31 1111/832/31
f 1138/837/31 1113/836/31 1112/834/31
f 1137/839/31 1114/838/31 1113/836/31
f 1136/841/31 1115/840/31 1114/838/31
f 1135/843/31 1116/842/31 1115/840/31
f 1134/845/31 1117/844/31 1116/842/31
f 1133/847/31 1118/846/31 1117/844/31
f 1133/847/31 1119/848/31 1118/846/31
f 1132/850/31 1120/849/31 1119/848/31
f 1131/852/31 1121/851/31 1120/849/31
f 1130/854/31 1122/853/31 1121/851/31
f 1129/856/31 1123/855/31 1122/853/31
f 1128/858/31 1124/857/31 1123/855/31
f 1127/859/31 1125/781/31 1124/857/31
f 1163/783/31 1126/782/31 1125/781/31
f 1125/781/31 1127/859/31 1163/783/31
f 1124/857/31 1128/858/31 1127/859/31
f 1123/855/31 1129/856/31 1128/858/31
f 1122/853/31 1130/854/31 1129/856/31
f 1121/851/31 1131/852/31 1130/854/31
f 1120/849/31 1132/850/31 1131/852/31
f 1119/848/31 1133/847/31 1132/850/31
f 1117/844/31 1134/845/31 1133/847/31
f 1116/842/31 1135/843/31 1134/845/31
f 1115/840/31 1136/841/31 1135/843/31
f 1114/838/31 1137/839/31 1136/841/31
f 1113/836/31 1138/837/31 1137/839/31
f 1112/834/31 1139/835/31 1138/837/31
f 1111/832/31 1140/833/31 1139/835/31
f 1110/831/31 1141/830/31 1140/833/31
f 1108/827/31 1142/828/31 1141/830/31
f 1107/825/31 1143/826/31 1142/828/31
f 1106/823/31 1144/824/31 1143/826/31
f 1105/821/31 1145/822/31 1144/824/31
f 1104/819/31 1146/820/31 1145/822/31
f 1103/817/31 1147/818/31 1146/820/31
f 1102/816/31 1148/815/31 1147/818/31
f 1100/812/31 1149/813/31 1148/815/31
f 1099/810/31 1150/811/31 1149/813/31
f 1098/808/31 1151/809/31 1150/811/31
f 1097/806/31 1152/807/31 1151/809/31
f 1096/804/31 1153/805/31 1152/807/31
f 1095/802/31 1154/803/31 1153/805/31
f 1094/800/31 1155/801/31 1154/803/31
f 1093/799/31 1156/798/31 1155/801/31
f 1091/795/31 1157/796/31 1156/798/31
f 1090/793/31 1158/794/31 1157/796/31
f 1089/791/31 1159/792/31 1158/794/31
f 1088/789/31 1160/790/31 1159/792/31
f 1087/787/31 1161/788/31 1160/790/31
f 1086/785/31 1162/786/31 1161/788/31
f 1085/784/31 1163/783/31 1162/786/31
f 1223/860/268 1164/861/268 1224/2/268
f 1167/862/640 1165/863/640 1164/861/640
f 1167/862/268 1166/864/268 1165/863/268
f 1170/865/268 1168/866/268 1167/862/268
f 1170/865/268 1169/867/268 1168/866/268
f 1172/868/268 1171/869/268 1170/865/268
f 1170/865/268 1173/870/268 1172/868/268
f 1175/871/268 1174/872/268 1173/870/268
f 1173/870/268 1176/873/268 1175/871/268
f 1178/874/268 1177/875/268 1176/873/268
f 1176/873/268 1179/876/268 1178/874/268
f 1184/877/268 1180/878/268 1179/876/268
f 1182/879/268 1181/880/268 1180/878/268
f 1180/878/268 1183/881/268 1182/879/268
f 1180/878/268 1184/877/268 1183/881/268
f 1189/882/268 1185/883/268 1184/877/268
f 1188/884/268 1186/885/268 1185/883/268
f 1188/884/268 1187/886/268 1186/885/268
f 1185/883/268 1189/882/268 1188/884/268
f 1191/887/640 1190/888/640 1189/882/640
f 1193/889/268 1192/890/268 1191/887/268
f 1191/887/640 1194/891/640 1193/889/640
f 1164/861/268 1195/892/268 1194/891/268
f 1198/893/268 1196/894/268 1195/892/268
f 1198/893/640 1197/895/640 1196/894/640
f 1195/892/268 1199/896/268 1198/893/268
f 1164/861/268 1200/897/268 1199/896/268
f 1202/898/268 1201/899/268 1200/897/268
f 1204/900/268 1203/901/268 1202/898/268
f 1202/898/268 1205/902/268 1204/900/268
f 1207/903/268 1206/904/268 1205/902/268
f 1205/902/268 1208/905/268 1207/903/268
f 1211/906/268 1209/907/268 1208/905/268
f 1211/906/268 1210/908/268 1209/907/268
f 1213/909/268 1212/910/268 1211/906/268
f 1215/911/268 1214/912/268 1213/909/268
f 1218/913/268 1216/914/268 1215/911/268
f 1218/913/268 1217/915/268 1216/914/268
f 1215/911/268 1219/916/268 1218/913/268
f 1221/917/268 1220/918/268 1219/916/268
f 1219/916/268 1222/919/268 1221/917/268
f 1164/861/268 1223/860/268 1222/919/268
f 1170/865/268 1167/862/268 1164/861/268
f 1176/873/268 1173/870/268 1170/865/268
f 1164/861/268 1179/876/268 1176/873/268
f 1164/861/268 1184/877/268 1179/876/268
f 1164/861/268 1189/882/268 1184/877/268
f 1194/891/268 1191/887/268 1189/882/268
f 1189/882/268 1164/861/268 1194/891/268
f 1199/896/268 1195/892/268 1164/861/268
f 1202/898/268 1200/897/268 1164/861/268
f 1164/861/268 1205/902/268 1202/898/268
f 1164/861/268 1208/905/268 1205/902/268
f 1164/861/268 1211/906/268 1208/905/268
f 1215/911/268 1213/909/268 1211/906/268
f 1164/861/268 1219/916/268 1215/911/268
f 1164/861/268 1222/919/268 1219/916/268
f 1176/873/268 1170/865/268 1164/861/268
f 1215/911/268 1211/906/268 1164/861/268
f 1225/920/641 1226/921/641 1264/921/641
f 1225/920/641 1264/921/641 1263/920/641
f 1226/921/642 1227/922/642 1265/922/642
f 1226/921/642 1265/922/642 1264/921/642
f 1227/922/643 1228/923/643 1266/923/643
f 1227/922/643 1266/923/643 1265/922/643
f 1228/923/644 1229/924/644 1267/924/644
f 1228/923/644 1267/924/644 1266/923/644
f 1229/924/645 1230/925/645 1268/925/645
f 1229/924/645 1268/925/645 1267/924/645
f 1230/925/646 1231/926/646 1269/926/646
f 1230/925/646 1269/926/646 1268/925/646
f 1231/926/647 1232/927/647 1270/927/647
f 1231/926/647 1270/927/647 1269/926/647
f 1232/927/648 1233/928/648 1271/928/648
f 1232/927/648 1271/928/648 1270/927/648
f 1233/928/649 1234/929/649 1272/929/649
f 1233/928/649 1272/929/649 1271/928/649
f 1234/929/650 1235/930/650 1273/930/650
f 1234/929/650 1273/930/650 1272/929/650
f 1235/930/651 1236/931/651 1274/931/651
f 1235/930/651 1274/931/651 1273/930/651
f 1236/931/652 1237/932/652 1275/932/652
f 1236/931/652 1275/932/652 1274/931/652
f 1237/932/653 1238/933/653 1276/933/653
f 1237/932/653 1276/933/653 1275/932/653
f 1238/933/654 1239/934/654 1277/934/654
f 1238/933/654 1277/934/654 1276/933/654
f 1239/934/655 1240/935/655 1278/935/655
f 1239/934/655 1278/935/655 1277/934/655
f 1240/935/656 1241/936/656 1279/936/656
f 1240/935/656 1279/936/656 1278/935/656
f 1241/936/657 1242/937/657 1280/937/657
f 1241/936/657 1280/937/657 1279/936/657
f 1242/937/658 1243/938/658 1281/938/658
f 1242/937/658 1281/938/658 1280/937/658
f 1243/938/268 1244/939/268 1282/939/268
f 1243/938/268 1282/939/268 1281/938/268
f 1244/939/659 1245/940/659 1283/940/659
f 1244/939/659 1283/940/659 1282/939/659
f 1245/940/660 1246/941/660 1284/941/660
f 1245/940/660 1284/941/660 1283/940/660
f 1246/941/661 1247/942/661 1285/942/661
f 1246/941/661 1285/942/661 1284/941/661
f 1247/942/662 1248/943/662 1286/943/662
f 1247/942/662 1286/943/662 1285/942/662
f 1248/943/663 1249/944/663 1287/944/663
f 1248/943/663 1287/944/663 1286/943/663
f 1249/944/664 1250/945/664 1288/945/664
f 1249/944/664 1288/945/664 1287/944/664
f 1250/945/665 1251/946/665 1289/946/665
f 1250/945/665 1289/946/665 1288/945/665
f 1251/946/666 1252/947/666 1290/947/666
f 1251/946/666 1290/947/666 1289/946/666
f 1252/947/667 1253/948/667 1291/948/667
f 1252/947/667 1291/948/667 1290/947/667
f 1253/948/668 1254/949/668 1292/949/668
f 1253/948/668 1292/949/668 1291/948/668
f 1254/949/669 1255/950/669 1293/950/669
f 1254/949/669 1293/950/669 1292/949/669
f 1255/950/670 1256/951/670 1294/951/670
f 1255/950/670 1294/951/670 1293/950/670
f 1256/951/671 1257/952/671 1295/952/671
f 1256/951/671 1295/952/671 1294/951/671
f 1257/952/672 1258/953/672 1296/953/672
f 1257/952/672 1296/953/672 1295/952/672
f 1258/953/673 1259/954/673 1297/954/673
f 1258/953/673 1297/954/673 1296/953/673
f 1259/954/674 1260/955/674 1298/955/674
f 1259/954/674 1298/955/674 1297/954/674
f 1260/955/675 1261/956/675 1299/956/675
f 1260/955/675 1299/956/675 1298/955/675
f 1261/956/676 1262/920/676 1300/920/676
f 1261/956/676 1300/920/676 1299/956/676
f 1301/920/641 1302/921/641 1340/921/641
f 1301/920/641 1340/921/641 1339/920/641
f 1302/921/642 1303/922/642 1341/922/642
f 1302/921/642 1341/922/642 1340/921/642
f 1303/922/643 1304/923/643 1342/923/643
f 1303/922/643 1342/923/643 1341/922/643
f 1304/923/644 1305/924/644 1343/924/644
f 1304/923/644 1343/924/644 1342/923/644
f 1305/924/645 1306/925/645 1344/925/645
f 1305/924/645 1344/925/645 1343/924/645
f 1306/925/646 1307/926/646 1345/926/646
f 1306/925/646 1345/926/646 1344/925/646
f 1307/926/647 1308/927/647 1346/927/647
f 1307/926/647 1346/927/647 1345/926/647
f 1308/927/648 1309/928/648 1347/928/648
f 1308/927/648 1347/928/648 1346/927/648
f 1309/928/649 1310/929/649 1348/929/649
f 1309/928/649 1348/929/649 1347/928/649
f 1310/929/650 1311/930/650 1349/930/650
f 1310/929/650 1349/930/650 1348/929/650
f 1311/930/651 1312/931/651 1350/931/651
f 1311/930/651 1350/931/651 1349/930/651
f 1312/931/652 1313/932/652 1351/932/652
f 1312/931/652 1351/932/652 1350/931/652
f 1313/932/653 1314/933/653 1352/933/653
f 1313/932/653 1352/933/653 1351/932/653
f 1314/933/654 1315/934/654 1353/934/654
f 1314/933/654 1353/934/654 1352/933/654
f 1315/934/655 1316/935/655 1354/935/655
f 1315/934/655 1354/935/655 1353/934/655
f 1316/935/656 1317/936/656 1355/936/656
f 1316/935/656 1355/936/656 1354/935/656
f 1317/936/657 1318/937/657 1356/937/657
f 1317/936/657 1356/937/657 1355/936/657
f 1318/937/658 1319/938/658 1357/938/658
f 1318/937/658 1357/938/658 1356/937/658
f 1319/938/268 1320/939/268 1358/939/268
f 1319/938/268 1358/939/268 1357/938/268
f 1320/939/659 1321/940/659 1359/940/659
f 1320/939/659 1359/940/659 1358/939/659
f 1321/940/660 1322/941/660 1360/941/660
f 1321/940/660 1360/941/660 1359/940/660
f 1322/941/661 1323/942/661 1361/942/661
f 1322/941/661 1361/942/661 1360/941/661
f 1323/942/662 1324/943/662 1362/943/662
f 1323/942/662 1362/943/662 1361/942/662
f 1324/943/663 1325/944/663 1363/944/663
f 1324/943/663 1363/944/663 1362/943/663
f 1325/944/664 1326/945/664 1364/945/664
f 1325/944/664 1364/945/664 1363/944/664
f 1326/945/665 1327/946/665 1365/946/665
f 1326/945/665 1365/946/665 1364/945/665
f 1327/946/666 1328/947/666 1366/947/666
f 1327/946/666 1366/947/666 1365/946/666
f 1328/947/667 1329/948/667 1367/948/667
f 1328/947/667 1367/948/667 1366/947/667
f 1329/948/668 1330/949/668 1368/949/668
f 1329/948/668 1368/949/668 1367/948/668
f 1330/949/669 1331/950/669 1369/950/669
f 1330/949/669 1369/950/669 1368/949/669
f 1331/950/670 1332/951/670 1370/951/670
f 1331/950/670 1370/951/670 1369/950/670
f 1332/951/671 1333/952/671 1371/952/671
f 1332/951/671 1371/952/671 1370/951/671
f 1333/952/672 1334/953/672 1372/953/672
f 1333/952/672 1372/953/672 1371/952/672
f 1334/953/673 1335/954/673 1373/954/673
f 1334/953/673 1373/954/673 1372/953/673
f 1335/954/674 1336/955/674 1374/955/674
f 1335/954/674 1374/955/674 1373/954/674
f 1336/955/675 1337/956/675 1375/956/675
f 1336/955/675 1375/956/675 1374/955/675
f 1337/956/676 1338/920/676 1376/920/676
f 1337/956/676 1376/920/676 1375/956/676
f 1448/957/639 1377/921/639 1413/920/639
f 1447/958/639 1378/922/639 1377/921/639
f 1446/959/639 1379/923/639 1378/922/639
f 1445/960/639 1380/924/639 1379/923/639
f 1444/961/639 1381/925/639 1380/924/639
f 1443/962/639 1382/926/639 1381/925/639
f 1442/963/639 1383/927/639 1382/926/639
f 1441/964/639 1384/928/639 1383/927/639
f 1440/965/639 1385/929/639 1384/928/639
f 1439/966/639 1386/930/639 1385/929/639
f 1438/967/639 1387/931/639 1386/930/639
f 1437/968/639 1388/932/639 1387/931/639
f 1436/969/639 1389/933/639 1388/932/639
f 1435/970/639 1390/934/639 1389/933/639
f 1434/971/639 1391/935/639 1390/934/639
f 1433/972/639 1392/936/639 1391/935/639
f 1432/973/639 1393/937/639 1392/936/639
f 1431/974/639 1394/938/639 1393/937/639
f 1431/974/639 1395/939/639 1394/938/639
f 1430/975/639 1396/940/639 1395/939/639
f 1429/976/639 1397/941/639 1396/940/639
f 1428/977/639 1398/942/639 1397/941/639
f 1427/978/639 1399/943/639 1398/942/639
f 1426/979/639 1400/944/639 1399/943/639
f 1425/980/639 1401/945/639 1400/944/639
f 1424/981/639 1402/946/639 1401/945/639
f 1423/982/639 1403/947/639 1402/946/639
f 1422/983/639 1404/948/639 1403/947/639
f 1421/984/639 1405/949/639 1404/948/639
f 1420/985/639 1406/950/639 1405/949/639
f 1419/986/639 1407/951/639 1406/950/639
f 1418/987/639 1408/952/639 1407/951/639
f 1417/988/639 1409/953/639 1408/952/639
f 1416/989/639 1410/954/639 1409/953/639
f 1415/990/639 1411/955/639 1410/954/639
f 1414/991/639 1412/956/639 1411/955/639
f 1448/957/639 1413/920/639 1412/956/639
f 1412/956/639 1414/991/639 1448/957/639
f 1411/955/639 1415/990/639 1414/991/639
f 1410/954/639 1416/989/639 1415/990/639
f 1409/953/639 1417/988/639 1416/989/639
f 1408/952/639 1418/987/639 1417/988/639
f 1407/951/639 1419/986/639 1418/987/639
f 1406/950/639 1420/985/639 1419/986/639
f 1405/949/639 1421/984/639 1420/985/639
f 1404/948/639 1422/983/639 1421/984/639
f 1403/947/639 1423/982/639 1422/983/639
f 1402/946/639 1424/981/639 1423/982/639
f 1401/945/639 1425/980/639 1424/981/639
f 1400/944/639 1426/979/639 1425/980/639
f 1399/943/639 1427/978/639 1426/979/639
f 1398/942/639 1428/977/639 1427/978/639
f 1397/941/639 1429/976/639 1428/977/639
f 1396/940/639 1430/975/639 1429/976/639
f 1395/939/639 1431/974/639 1430/975/639
f 1393/937/639 1432/973/639 1431/974/639
f 1392/936/639 1433/972/639 1432/973/639
f 1391/935/639 1434/971/639 1433/972/639
f 1390/934/639 1435/970/639 1434/971/639
f 1389/933/639 1436/969/639 1435/970/639
f 1388/932/639 1437/968/639 1436/969/639
f 1387/931/639 1438/967/639 1437/968/639
f 1386/930/639 1439/966/639 1438/967/639
f 1385/929/639 1440/965/639 1439/966/639
f 1384/928/639 1441/964/639 1440/965/639
f 1383/927/639 1442/963/639 1441/964/639
f 1382/926/639 1443/962/639 1442/963/639
f 1381/925/639 1444/961/639 1443/962/639
f 1380/924/639 1445/960/639 1444/961/639
f 1379/923/639 1446/959/639 1445/960/639
f 1378/922/639 1447/958/639 1446/959/639
f 1377/921/639 1448/957/639 1447/958/639
f 1485/956/31 1449/920/31 1486/957/31
f 1449/920/31 1450/921/31 1486/957/31
f 1450/921/31 1451/922/31 1520/958/31
f 1451/922/31 1452/923/31 1519/959/31
f 1452/923/31 1453/924/31 1518/960/31
f 1453/924/31 1454/925/31 1517/961/31
f 1454/925/31 1455/926/31 1516/962/31
f 1455/926/31 1456/927/31 1515/963/31
f 1456/927/31 1457/928/31 1514/964/31
f 1457/928/31 1458/929/31 1513/965/31
f 1458/929/31 1459/930/31 1512/966/31
f 1459/930/31 1460/931/31 1511/967/31
f 1460/931/31 1461/932/31 1510/968/31
f 1461/932/31 1462/933/31 1509/969/31
f 1462/933/31 1463/934/31 1508/970/31
f 1463/934/31 1464/935/31 1507/971/31
f 1464/935/31 1465/936/31 1506/972/31
f 1465/936/31 1466/937/31 1505/973/31
f 1466/937/31 1467/938/31 1504/974/31
f 1467/938/31 1468/939/31 1504/974/31
f 1468/939/31 1469/940/31 1503/975/31
f 1469/940/31 1470/941/31 1502/976/31
f 1470/941/31 1471/942/31 1501/977/31
f 1471/942/31 1472/943/31 1500/978/31
f 1472/943/31 1473/944/31 1499/979/31
f 1473/944/31 1474/945/31 1498/980/31
f 1474/945/31 1475/946/31 1497/981/31
f 1475/946/31 1476/947/31 1496/982/31
f 1476/947/31 1477/948/31 1495/983/31
f 1477/948/31 1478/949/31 1494/984/31
f 1478/949/31 1479/950/31 1493/985/31
f 1479/950/31 1480/951/31 1492/986/31
f 1480/951/31 1481/952/31 1491/987/31
f 1481/952/31 1482/953/31 1490/988/31
f 1482/953/31 1483/954/31 1489/989/31
f 1483/954/31 1484/955/31 1488/990/31
f 1484/955/31 1485/956/31 1487/991/31
f 1520/958/31 1486/957/31 1450/921/31
f 1486/957/31 1487/991/31 1485/956/31
f 1487/991/31 1488/990/31 1484/955/31
f 1488/990/31 1489/989/31 1483/954/31
f 1489/989/31 1490/988/31 1482/953/31
f 1490/988/31 1491/987/31 1481/952/31
f 1491/987/31 1492/986/31 1480/951/31
f 1492/986/31 1493/985/31 1479/950/31
f 1493/985/31 1494/984/31 1478/949/31
f 1494/984/31 1495/983/31 1477/948/31
f 1495/983/31 1496/982/31 1476/947/31
f 1496/982/31 1497/981/31 1475/946/31
f 1497/981/31 1498/980/31 1474/945/31
f 1498/980/31 1499/979/31 1473/944/31
f 1499/979/31 1500/978/31 1472/943/31
f 1500/978/31 1501/977/31 1471/942/31
f 1501/977/31 1502/976/31 1470/941/31
f 1502/976/31 1503/975/31 1469/940/31
f 1503/975/31 1504/974/31 1468/939/31
f 1504/974/31 1505/973/31 1466/937/31
f 1505/973/31 1506/972/31 1465/936/31
f 1506/972/31 1507/971/31 1464/935/31
f 1507/971/31 1508/970/31 1463/934/31
f 1508/970/31 1509/969/31 1462/933/31
f 1509/969/31 1510/968/31 1461/932/31
f 1510/968/31 1511/967/31 1460/931/31
f 1511/967/31 1512/966/31 1459/930/31
f 1512/966/31 1513/965/31 1458/929/31
f 1513/965/31 1514/964/31 1457/928/31
f 1514/964/31 1515/963/31 1456/927/31
f 1515/963/31 1516/962/31 1455/926/31
f 1516/962/31 1517/961/31 1454/925/31
f 1517/961/31 1518/960/31 1453/924/31
f 1518/960/31 1519/959/31 1452/923/31
f 1519/959/31 1520/958/31 1451/922/31
f 1558/992/677 1522/993/677 1521/994/677
f 1557/300/677 1558/992/677 1521/994/677
f 1559/995/678 1523/996/678 1522/993/678
f 1558/992/678 1559/995/678 1522/993/678
f 1560/997/679 1524/998/679 1523/996/679
f 1559/995/679 1560/997/679 1523/996/679
f 1561/999/680 1525/1000/680 1524/998/680
f 1560/997/680 1561/999/680 1524/998/680
f 1562/1001/681 1526/1002/681 1525/1000/681
f 1561/999/681 1562/1001/681 1525/1000/681
f 1563/1003/682 1527/1004/682 1526/1002/682
f 1562/1001/682 1563/1003/682 1526/1002/682
f 1564/1005/683 1528/1006/683 1527/1004/683
f 1563/1003/683 1564/1005/683 1527/1004/683
f 1565/1007/684 1529/1008/684 1528/1006/684
f 1564/1005/684 1565/1007/684 1528/1006/684
f 1566/406/685 1530/413/685 1529/1008/685
f 1565/1007/685 1566/406/685 1529/1008/685
f 1567/1009/686 1531/1010/686 1530/413/686
f 1566/406/686 1567/1009/686 1530/413/686
f 1568/1011/687 1532/1012/687 1531/1010/687
f 1567/1009/687 1568/1011/687 1531/1010/687
f 1569/1013/688 1533/1014/688 1532/1012/688
f 1568/1011/688 1569/1013/688 1532/1012/688
f 1570/1015/689 1534/1016/689 1533/1014/689
f 1569/1013/689 1570/1015/689 1533/1014/689
f 1571/1017/690 1535/1018/690 1534/1016/690
f 1570/1015/690 1571/1017/690 1534/1016/690
f 1572/1019/691 1536/1020/691 1535/1018/691
f 1571/1017/691 1572/1019/691 1535/1018/691
f 1573/1021/692 1537/1022/692 1536/1020/692
f 1572/1019/692 1573/1021/692 1536/1020/692
f 1574/1023/693 1538/1024/693 1537/1022/693
f 1573/1021/693 1574/1023/693 1537/1022/693
f 1575/1025/1 1539/1026/1 1538/1024/1
f 1574/1023/1 1575/1025/1 1538/1024/1
f 1576/1027/694 1540/1028/694 1539/1026/694
f 1575/1025/694 1576/1027/694 1539/1026/694
f 1577/1029/695 1541/1030/695 1540/1028/695
f 1576/1027/695 1577/1029/695 1540/1028/695
f 1578/1031/696 1542/1032/696 1541/1030/696
f 1577/1029/696 1578/1031/696 1541/1030/696
f 1579/1033/697 1543/1034/697 1542/1032/697
f 1578/1031/697 1579/1033/697 1542/1032/697
f 1580/1035/698 1544/1036/698 1543/1034/698
f 1579/1033/698 1580/1035/698 1543/1034/698
f 1581/1037/699 1545/1038/699 1544/1036/699
f 1580/1035/699 1581/1037/699 1544/1036/699
f 1582/1039/700 1546/1040/700 1545/1038/700
f 1581/1037/700 1582/1039/700 1545/1038/700
f 1583/526/701 1547/493/701 1546/1040/701
f 1582/1039/701 1583/526/701 1546/1040/701
f 1584/1041/702 1548/1042/702 1547/493/702
f 1583/526/702 1584/1041/702 1547/493/702
f 1585/1043/703 1549/1044/703 1548/1042/703
f 1584/1041/703 1585/1043/703 1548/1042/703
f 1586/1045/704 1550/1046/704 1549/1044/704
f 1585/1043/704 1586/1045/704 1549/1044/704
f 1587/1047/705 1551/1048/705 1550/1046/705
f 1586/1045/705 1587/1047/705 1550/1046/705
f 1588/1049/706 1552/1050/706 1551/1048/706
f 1587/1047/706 1588/1049/706 1551/1048/706
f 1589/1051/707 1553/1052/707 1552/1050/707
f 1588/1049/707 1589/1051/707 1552/1050/707
f 1590/1053/708 1554/1054/708 1553/1052/708
f 1589/1051/708 1590/1053/708 1553/1052/708
f 1591/1055/709 1555/1056/709 1554/1054/709
f 1590/1053/709 1591/1055/709 1554/1054/709
f 1592/300/710 1556/994/710 1555/1056/710
f 1591/1055/710 1592/300/710 1555/1056/710
